stamp,year,month,day,hour,minute,weekday,holiday,timepoint,reserve,label
2016-01-01 00:00:00,2016,1,1,0,0,5,0.5,0,0.0,64.2868135576469
2016-01-01 01:00:00,2016,1,1,1,0,5,0.5,60,0.0,63.37706525206526
2016-01-01 02:00:00,2016,1,1,2,0,5,0.5,120,0.0,65.98810442560443
2016-01-01 03:00:00,2016,1,1,3,0,5,0.5,180,0.0,61.90949336782669
2016-01-01 04:00:00,2016,1,1,4,0,5,0.5,240,0.0,65.67361025694359
2016-01-01 05:00:00,2016,1,1,5,0,5,0.5,300,0.0,65.77442650359318
2016-01-01 06:00:00,2016,1,1,6,0,5,0.5,360,0.0,65.54063116563115
2016-01-01 07:00:00,2016,1,1,7,0,5,0.5,420,0.0,64.7909290617624
2016-01-01 08:00:00,2016,1,1,8,0,5,0.5,480,0.0,64.64723912640581
2016-01-01 09:00:00,2016,1,1,9,0,5,0.5,540,0.0,63.25905023821691
2016-01-01 10:00:00,2016,1,1,10,0,5,0.5,600,0.0,60.41414124747457
2016-01-01 11:00:00,2016,1,1,11,0,5,0.5,660,0.0,60.008834071334064
2016-01-01 12:00:00,2016,1,1,12,0,5,0.5,720,0.0,58.84584655417988
2016-01-01 13:00:00,2016,1,1,13,0,5,0.5,780,0.0,55.374556103722774
2016-01-01 14:00:00,2016,1,1,14,0,5,0.5,840,0.0,59.26112801112802
2016-01-01 15:00:00,2016,1,1,15,0,5,0.5,900,0.0,59.24907456157456
2016-01-01 16:00:00,2016,1,1,16,0,5,0.5,960,0.0,53.06552150302151
2016-01-01 17:00:00,2016,1,1,17,0,5,0.5,1020,0.0,49.89098957848958
2016-01-01 18:00:00,2016,1,1,18,0,5,0.5,1080,0.0,58.2686674353341
2016-01-01 19:00:00,2016,1,1,19,0,5,0.5,1140,0.0,60.522020209520214
2016-01-01 20:00:00,2016,1,1,20,0,5,0.5,1200,0.0,62.774387878554556
2016-01-01 21:00:00,2016,1,1,21,0,5,0.5,1260,0.0,62.18818062568064
2016-01-01 22:00:00,2016,1,1,22,0,5,0.5,1320,0.0,64.57822207822208
2016-01-01 23:00:00,2016,1,1,23,0,5,0.5,1380,0.0,66.58187554020888
2016-01-02 00:00:00,2016,1,2,0,0,6,0.0,0,0.0,66.49188378355045
2016-01-02 01:00:00,2016,1,2,1,0,6,0.0,60,0.0,66.40083483833484
2016-01-02 02:00:00,2016,1,2,2,0,6,0.0,120,0.0,64.21410442243776
2016-01-02 03:00:00,2016,1,2,3,0,6,0.0,180,0.0,62.65714786548119
2016-01-02 04:00:00,2016,1,2,4,0,6,0.0,240,0.0,61.25557188057189
2016-01-02 05:00:00,2016,1,2,5,0,6,0.0,300,0.0,63.78823045489713
2016-01-02 06:00:00,2016,1,2,6,0,6,0.0,360,0.0,61.99952574952575
2016-01-02 07:00:00,2016,1,2,7,0,6,0.0,420,0.0,60.76027086443753
2016-01-02 08:00:00,2016,1,2,8,0,6,0.0,480,0.0,58.831847686014356
2016-01-02 09:00:00,2016,1,2,9,0,6,0.0,540,0.0,54.6385337010337
2016-01-02 10:00:00,2016,1,2,10,0,6,0.0,600,0.0,52.170877691711034
2016-01-02 11:00:00,2016,1,2,11,0,6,0.0,660,0.0,35.03597149430482
2016-01-02 12:00:00,2016,1,2,12,0,6,0.0,720,0.0,23.95013540846874
2016-01-02 13:00:00,2016,1,2,13,0,6,0.0,780,0.0,27.009405342738678
2016-01-02 14:00:00,2016,1,2,14,0,6,0.0,840,0.0,47.9222972972973
2016-01-02 15:00:00,2016,1,2,15,0,6,0.0,900,0.0,53.9505991589325
2016-01-02 16:00:00,2016,1,2,16,0,6,0.0,960,0.0,50.469026198192864
2016-01-02 17:00:00,2016,1,2,17,0,6,0.0,1020,0.0,48.807046827880164
2016-01-02 18:00:00,2016,1,2,18,0,6,0.0,1080,0.0,52.868704639537974
2016-01-02 19:00:00,2016,1,2,19,0,6,0.0,1140,0.0,58.51400018066684
2016-01-02 20:00:00,2016,1,2,20,0,6,0.0,1200,0.0,61.56997979914647
2016-01-02 21:00:00,2016,1,2,21,0,6,0.0,1260,0.0,62.019182227515564
2016-01-02 22:00:00,2016,1,2,22,0,6,0.0,1320,0.0,63.038384809218165
2016-01-02 23:00:00,2016,1,2,23,0,6,0.0,1380,0.0,65.53172782339449
2016-01-03 00:00:00,2016,1,3,0,0,7,0.0,0,0.0,66.68809533392867
2016-01-03 01:00:00,2016,1,3,1,0,7,0.0,60,0.0,67.66079338996006
2016-01-03 02:00:00,2016,1,3,2,0,7,0.0,120,0.0,67.00046283379618
2016-01-03 03:00:00,2016,1,3,3,0,7,0.0,180,0.0,67.24827506077507
2016-01-03 04:00:00,2016,1,3,4,0,7,0.0,240,0.0,66.98688813272148
2016-01-03 05:00:00,2016,1,3,5,0,7,0.0,300,0.0,66.28639878639878
2016-01-03 06:00:00,2016,1,3,6,0,7,0.0,360,0.0,64.48584573584573
2016-01-03 07:00:00,2016,1,3,7,0,7,0.0,420,0.0,64.24828466495133
2016-01-03 08:00:00,2016,1,3,8,0,7,0.0,480,0.0,63.26011482261481
2016-01-03 09:00:00,2016,1,3,9,0,7,0.0,540,0.0,58.82922497505831
2016-01-03 10:00:00,2016,1,3,10,0,7,0.0,600,0.0,54.048501861001874
2016-01-03 11:00:00,2016,1,3,11,0,7,0.0,660,0.0,37.70373853707188
2016-01-03 12:00:00,2016,1,3,12,0,7,0.0,720,0.0,28.47152170068837
2016-01-03 13:00:00,2016,1,3,13,0,7,0.0,780,0.0,29.42951442951443
2016-01-03 14:00:00,2016,1,3,14,0,7,0.0,840,0.0,55.4308005349672
2016-01-03 15:00:00,2016,1,3,15,0,7,0.0,900,0.0,57.29073333240001
2016-01-03 16:00:00,2016,1,3,16,0,7,0.0,960,0.0,54.85404287487622
2016-01-03 17:00:00,2016,1,3,17,0,7,0.0,1020,0.0,48.88297179963846
2016-01-03 18:00:00,2016,1,3,18,0,7,0.0,1080,0.0,56.685114601781265
2016-01-03 19:00:00,2016,1,3,19,0,7,0.0,1140,0.0,60.855585022251695
2016-01-03 20:00:00,2016,1,3,20,0,7,0.0,1200,0.0,63.207066332066326
2016-01-03 21:00:00,2016,1,3,21,0,7,0.0,1260,0.0,63.60658193991528
2016-01-03 22:00:00,2016,1,3,22,0,7,0.0,1320,0.0,63.89226337143004
2016-01-03 23:00:00,2016,1,3,23,0,7,0.0,1380,0.0,66.38655784489119
2016-01-04 00:00:00,2016,1,4,0,0,1,0.0,0,0.0,66.689497001997
2016-01-04 01:00:00,2016,1,4,1,0,1,0.0,60,0.0,63.19990184573518
2016-01-04 02:00:00,2016,1,4,2,0,1,0.0,120,0.0,63.11961249461251
2016-01-04 03:00:00,2016,1,4,3,0,1,0.0,180,0.0,58.66972439889107
2016-01-04 04:00:00,2016,1,4,4,0,1,0.0,240,0.0,61.16313866313866
2016-01-04 05:00:00,2016,1,4,5,0,1,0.0,300,0.0,49.488189592356264
2016-01-04 06:00:00,2016,1,4,6,0,1,0.0,360,0.0,30.07382205298872
2016-01-04 07:00:00,2016,1,4,7,0,1,0.0,420,0.0,20.228861166361167
2016-01-04 08:00:00,2016,1,4,8,0,1,0.0,480,0.0,21.24952374952375
2016-01-04 09:00:00,2016,1,4,9,0,1,0.0,540,0.0,20.05638932722266
2016-01-04 10:00:00,2016,1,4,10,0,1,0.0,600,0.0,22.426708155874824
2016-01-04 11:00:00,2016,1,4,11,0,1,0.0,660,0.0,31.89018511935178
2016-01-04 12:00:00,2016,1,4,12,0,1,0.0,720,0.0,42.38746061662729
2016-01-04 13:00:00,2016,1,4,13,0,1,0.0,780,0.0,40.754830233996906
2016-01-04 14:00:00,2016,1,4,14,0,1,0.0,840,0.0,33.84121050787718
2016-01-04 15:00:00,2016,1,4,15,0,1,0.0,900,0.0,30.82307384390718
2016-01-04 16:00:00,2016,1,4,16,0,1,0.0,960,0.0,22.897887585387583
2016-01-04 17:00:00,2016,1,4,17,0,1,0.0,1020,0.0,25.208929792263124
2016-01-04 18:00:00,2016,1,4,18,0,1,0.0,1080,0.0,54.28916428916428
2016-01-04 19:00:00,2016,1,4,19,0,1,0.0,1140,0.0,58.88103596436931
2016-01-04 20:00:00,2016,1,4,20,0,1,0.0,1200,0.0,61.38208544458544
2016-01-04 21:00:00,2016,1,4,21,0,1,0.0,1260,0.0,63.668233355733356
2016-01-04 22:00:00,2016,1,4,22,0,1,0.0,1320,0.0,63.59083494500161
2016-01-04 23:00:00,2016,1,4,23,0,1,0.0,1380,0.0,63.7622804289471
2016-01-05 00:00:00,2016,1,5,0,0,2,0.0,0,0.0,63.320692591525926
2016-01-05 01:00:00,2016,1,5,1,0,2,0.0,60,0.0,62.81418708502042
2016-01-05 02:00:00,2016,1,5,2,0,2,0.0,120,0.0,58.94702467619134
2016-01-05 03:00:00,2016,1,5,3,0,2,0.0,180,0.0,61.17419315335982
2016-01-05 04:00:00,2016,1,5,4,0,2,0.0,240,0.0,60.00370406620408
2016-01-05 05:00:00,2016,1,5,5,0,2,0.0,300,0.0,49.42168869252203
2016-01-05 06:00:00,2016,1,5,6,0,2,0.0,360,0.0,26.867833534500203
2016-01-05 07:00:00,2016,1,5,7,0,2,0.0,420,0.0,22.550933384266717
2016-01-05 08:00:00,2016,1,5,8,0,2,0.0,480,0.0,20.660472431305763
2016-01-05 09:00:00,2016,1,5,9,0,2,0.0,540,0.0,20.85029980863314
2016-01-05 10:00:00,2016,1,5,10,0,2,0.0,600,0.0,23.359826693160027
2016-01-05 11:00:00,2016,1,5,11,0,2,0.0,660,0.0,31.984638859638864
2016-01-05 12:00:00,2016,1,5,12,0,2,0.0,720,0.0,41.09247692581027
2016-01-05 13:00:00,2016,1,5,13,0,2,0.0,780,0.0,32.94250179666846
2016-01-05 14:00:00,2016,1,5,14,0,2,0.0,840,0.0,30.911492265658936
2016-01-05 15:00:00,2016,1,5,15,0,2,0.0,900,0.0,24.381227089560426
2016-01-05 16:00:00,2016,1,5,16,0,2,0.0,960,0.0,22.797704672704672
2016-01-05 17:00:00,2016,1,5,17,0,2,0.0,1020,0.0,21.382682841016177
2016-01-05 18:00:00,2016,1,5,18,0,2,0.0,1080,0.0,29.896417396417394
2016-01-05 19:00:00,2016,1,5,19,0,2,0.0,1140,0.0,54.26152321985655
2016-01-05 20:00:00,2016,1,5,20,0,2,0.0,1200,0.0,54.976975601975596
2016-01-05 21:00:00,2016,1,5,21,0,2,0.0,1260,0.0,59.806691890025235
2016-01-05 22:00:00,2016,1,5,22,0,2,0.0,1320,0.0,61.59132284132286
2016-01-05 23:00:00,2016,1,5,23,0,2,0.0,1380,0.0,63.26745962162628
2016-01-06 00:00:00,2016,1,6,0,0,3,0.0,0,0.0,63.497100997101
2016-01-06 01:00:00,2016,1,6,1,0,3,0.0,60,0.0,58.50110360527028
2016-01-06 02:00:00,2016,1,6,2,0,3,0.0,120,0.0,57.912132807966145
2016-01-06 03:00:00,2016,1,6,3,0,3,0.0,180,0.0,56.97806770723438
2016-01-06 04:00:00,2016,1,6,4,0,3,0.0,240,0.0,57.71745386328718
2016-01-06 05:00:00,2016,1,6,5,0,3,0.0,300,0.0,47.753520774354115
2016-01-06 06:00:00,2016,1,6,6,0,3,0.0,360,0.0,29.902549485882815
2016-01-06 07:00:00,2016,1,6,7,0,3,0.0,420,0.0,23.303130907297582
2016-01-06 08:00:00,2016,1,6,8,0,3,0.0,480,0.0,21.162696683530015
2016-01-06 09:00:00,2016,1,6,9,0,3,0.0,540,0.0,22.054649658816327
2016-01-06 10:00:00,2016,1,6,10,0,3,0.0,600,0.0,22.301452718119382
2016-01-06 11:00:00,2016,1,6,11,0,3,0.0,660,0.0,38.79644202560869
2016-01-06 12:00:00,2016,1,6,12,0,3,0.0,720,0.0,43.9856078397745
2016-01-06 13:00:00,2016,1,6,13,0,3,0.0,780,0.0,45.37283256033256
2016-01-06 14:00:00,2016,1,6,14,0,3,0.0,840,0.0,37.630508359675034
2016-01-06 15:00:00,2016,1,6,15,0,3,0.0,900,0.0,33.383117028950366
2016-01-06 16:00:00,2016,1,6,16,0,3,0.0,960,0.0,42.20458001708002
2016-01-06 17:00:00,2016,1,6,17,0,3,0.0,1020,0.0,42.434516497016496
2016-01-06 18:00:00,2016,1,6,18,0,3,0.0,1080,0.0,47.37378320711654
2016-01-06 19:00:00,2016,1,6,19,0,3,0.0,1140,0.0,56.76877749794417
2016-01-06 20:00:00,2016,1,6,20,0,3,0.0,1200,0.0,61.27804919471586
2016-01-06 21:00:00,2016,1,6,21,0,3,0.0,1260,0.0,61.261688449188455
2016-01-06 22:00:00,2016,1,6,22,0,3,0.0,1320,0.0,63.00766290349623
2016-01-06 23:00:00,2016,1,6,23,0,3,0.0,1380,0.0,62.63500117666785
2016-01-07 00:00:00,2016,1,7,0,0,4,0.0,0,0.0,62.241558491558486
2016-01-07 01:00:00,2016,1,7,1,0,4,0.0,60,0.0,59.147591126757796
2016-01-07 02:00:00,2016,1,7,2,0,4,0.0,120,0.0,57.502172085505435
2016-01-07 03:00:00,2016,1,7,3,0,4,0.0,180,0.0,59.409362013528686
2016-01-07 04:00:00,2016,1,7,4,0,4,0.0,240,0.0,57.959705668039
2016-01-07 05:00:00,2016,1,7,5,0,4,0.0,300,0.0,51.30302286552287
2016-01-07 06:00:00,2016,1,7,6,0,4,0.0,360,0.0,30.354423583590247
2016-01-07 07:00:00,2016,1,7,7,0,4,0.0,420,0.0,19.771059146059148
2016-01-07 08:00:00,2016,1,7,8,0,4,0.0,480,0.0,20.573222656555988
2016-01-07 09:00:00,2016,1,7,9,0,4,0.0,540,0.0,20.783804950471616
2016-01-07 10:00:00,2016,1,7,10,0,4,0.0,600,0.0,25.344866074032748
2016-01-07 11:00:00,2016,1,7,11,0,4,0.0,660,0.0,39.84018129851463
2016-01-07 12:00:00,2016,1,7,12,0,4,0.0,720,0.0,41.42420548670548
2016-01-07 13:00:00,2016,1,7,13,0,4,0.0,780,0.0,43.357756482756486
2016-01-07 14:00:00,2016,1,7,14,0,4,0.0,840,0.0,34.30487617987618
2016-01-07 15:00:00,2016,1,7,15,0,4,0.0,900,0.0,29.763575492742163
2016-01-07 16:00:00,2016,1,7,16,0,4,0.0,960,0.0,24.530115884282548
2016-01-07 17:00:00,2016,1,7,17,0,4,0.0,1020,0.0,23.243116784783453
2016-01-07 18:00:00,2016,1,7,18,0,4,0.0,1080,0.0,40.19299644299644
2016-01-07 19:00:00,2016,1,7,19,0,4,0.0,1140,0.0,56.89653116736451
2016-01-07 20:00:00,2016,1,7,20,0,4,0.0,1200,0.0,60.34187419604086
2016-01-07 21:00:00,2016,1,7,21,0,4,0.0,1260,0.0,61.81149306149305
2016-01-07 22:00:00,2016,1,7,22,0,4,0.0,1320,0.0,62.80975051808386
2016-01-07 23:00:00,2016,1,7,23,0,4,0.0,1380,0.0,64.63268244518245
2016-01-08 00:00:00,2016,1,8,0,0,5,0.0,0,0.0,63.63067748484416
2016-01-08 01:00:00,2016,1,8,1,0,5,0.0,60,0.0,60.93056405556407
2016-01-08 02:00:00,2016,1,8,2,0,5,0.0,120,0.0,60.774229524229526
2016-01-08 03:00:00,2016,1,8,3,0,5,0.0,180,0.0,56.75574373491039
2016-01-08 04:00:00,2016,1,8,4,0,5,0.0,240,0.0,58.33771437938103
2016-01-08 05:00:00,2016,1,8,5,0,5,0.0,300,0.0,50.6668216043216
2016-01-08 06:00:00,2016,1,8,6,0,5,0.0,360,0.0,31.141726037559376
2016-01-08 07:00:00,2016,1,8,7,0,5,0.0,420,0.0,22.437549104215773
2016-01-08 08:00:00,2016,1,8,8,0,5,0.0,480,0.0,18.99795087295087
2016-01-08 09:00:00,2016,1,8,9,0,5,0.0,540,0.0,32.3338163963164
2016-01-08 10:00:00,2016,1,8,10,0,5,0.0,600,0.0,37.34281984281984
2016-01-08 11:00:00,2016,1,8,11,0,5,0.0,660,0.0,45.16164672414673
2016-01-08 12:00:00,2016,1,8,12,0,5,0.0,720,0.0,34.25872019622019
2016-01-08 13:00:00,2016,1,8,13,0,5,0.0,780,0.0,42.948745552912214
2016-01-08 14:00:00,2016,1,8,14,0,5,0.0,840,0.0,37.893828935495605
2016-01-08 15:00:00,2016,1,8,15,0,5,0.0,900,0.0,51.22886081219415
2016-01-08 16:00:00,2016,1,8,16,0,5,0.0,960,0.0,29.608403983403985
2016-01-08 17:00:00,2016,1,8,17,0,5,0.0,1020,0.0,22.587095399595402
2016-01-08 18:00:00,2016,1,8,18,0,5,0.0,1080,0.0,33.86833511833511
2016-01-08 19:00:00,2016,1,8,19,0,5,0.0,1140,0.0,56.44602227935562
2016-01-08 20:00:00,2016,1,8,20,0,5,0.0,1200,0.0,58.43923208506542
2016-01-08 21:00:00,2016,1,8,21,0,5,0.0,1260,0.0,59.906753031753034
2016-01-08 22:00:00,2016,1,8,22,0,5,0.0,1320,0.0,60.862046591213264
2016-01-08 23:00:00,2016,1,8,23,0,5,0.0,1380,0.0,64.20804733304733
2016-01-09 00:00:00,2016,1,9,0,0,6,0.0,0,0.0,66.35358499941833
2016-01-09 01:00:00,2016,1,9,1,0,6,0.0,60,0.0,65.3147546897547
2016-01-09 02:00:00,2016,1,9,2,0,6,0.0,120,0.0,64.24127747044413
2016-01-09 03:00:00,2016,1,9,3,0,6,0.0,180,0.0,62.68839029255695
2016-01-09 04:00:00,2016,1,9,4,0,6,0.0,240,0.0,64.30071273821274
2016-01-09 05:00:00,2016,1,9,5,0,6,0.0,300,0.0,62.36777893027894
2016-01-09 06:00:00,2016,1,9,6,0,6,0.0,360,0.0,60.33821981738648
2016-01-09 07:00:00,2016,1,9,7,0,6,0.0,420,0.0,58.601633393300055
2016-01-09 08:00:00,2016,1,9,8,0,6,0.0,480,0.0,55.34599378349379
2016-01-09 09:00:00,2016,1,9,9,0,6,0.0,540,0.0,50.520588749755426
2016-01-09 10:00:00,2016,1,9,10,0,6,0.0,600,0.0,49.4810630227297
2016-01-09 11:00:00,2016,1,9,11,0,6,0.0,660,0.0,40.271847042680385
2016-01-09 12:00:00,2016,1,9,12,0,6,0.0,720,0.0,26.844681011347678
2016-01-09 13:00:00,2016,1,9,13,0,6,0.0,780,0.0,31.886891678558346
2016-01-09 14:00:00,2016,1,9,14,0,6,0.0,840,0.0,47.27385039885039
2016-01-09 15:00:00,2016,1,9,15,0,6,0.0,900,0.0,52.49610020443353
2016-01-09 16:00:00,2016,1,9,16,0,6,0.0,960,0.0,46.50672723589391
2016-01-09 17:00:00,2016,1,9,17,0,6,0.0,1020,0.0,43.27214243880911
2016-01-09 18:00:00,2016,1,9,18,0,6,0.0,1080,0.0,47.23617265283932
2016-01-09 19:00:00,2016,1,9,19,0,6,0.0,1140,0.0,58.95292405709074
2016-01-09 20:00:00,2016,1,9,20,0,6,0.0,1200,0.0,61.21807007223674
2016-01-09 21:00:00,2016,1,9,21,0,6,0.0,1260,0.0,59.572672385172375
2016-01-09 22:00:00,2016,1,9,22,0,6,0.0,1320,0.0,54.48610584027252
2016-01-09 23:00:00,2016,1,9,23,0,6,0.0,1380,0.0,65.18132736882738
2016-01-10 00:00:00,2016,1,10,0,0,7,0.0,0,0.0,67.19206771290105
2016-01-10 01:00:00,2016,1,10,1,0,7,0.0,60,0.0,67.79687967187968
2016-01-10 02:00:00,2016,1,10,2,0,7,0.0,120,0.0,68.26892941476277
2016-01-10 03:00:00,2016,1,10,3,0,7,0.0,180,0.0,65.85030001696668
2016-01-10 04:00:00,2016,1,10,4,0,7,0.0,240,0.0,65.58412193828862
2016-01-10 05:00:00,2016,1,10,5,0,7,0.0,300,0.0,66.14704302204302
2016-01-10 06:00:00,2016,1,10,6,0,7,0.0,360,0.0,65.00638521471855
2016-01-10 07:00:00,2016,1,10,7,0,7,0.0,420,0.0,64.55525997192665
2016-01-10 08:00:00,2016,1,10,8,0,7,0.0,480,0.0,62.68523737273737
2016-01-10 09:00:00,2016,1,10,9,0,7,0.0,540,0.0,58.14082136998805
2016-01-10 10:00:00,2016,1,10,10,0,7,0.0,600,0.0,60.97031190781191
2016-01-10 11:00:00,2016,1,10,11,0,7,0.0,660,0.0,62.91343447593449
2016-01-10 12:00:00,2016,1,10,12,0,7,0.0,720,0.0,61.797608880942214
2016-01-10 13:00:00,2016,1,10,13,0,7,0.0,780,0.0,56.31638996222329
2016-01-10 14:00:00,2016,1,10,14,0,7,0.0,840,0.0,55.24614910031576
2016-01-10 15:00:00,2016,1,10,15,0,7,0.0,900,0.0,56.13770051270051
2016-01-10 16:00:00,2016,1,10,16,0,7,0.0,960,0.0,56.70695576945577
2016-01-10 17:00:00,2016,1,10,17,0,7,0.0,1020,0.0,51.00636506886508
2016-01-10 18:00:00,2016,1,10,18,0,7,0.0,1080,0.0,54.606532523199185
2016-01-10 19:00:00,2016,1,10,19,0,7,0.0,1140,0.0,58.99600576683911
2016-01-10 20:00:00,2016,1,10,20,0,7,0.0,1200,0.0,62.751605980772645
2016-01-10 21:00:00,2016,1,10,21,0,7,0.0,1260,0.0,63.521207687874345
2016-01-10 22:00:00,2016,1,10,22,0,7,0.0,1320,0.0,64.94950776200777
2016-01-10 23:00:00,2016,1,10,23,0,7,0.0,1380,0.0,67.1902014610348
2016-01-11 00:00:00,2016,1,11,0,0,1,0.0,0,0.0,65.00199927283262
2016-01-11 01:00:00,2016,1,11,1,0,1,0.0,60,0.0,63.93392174642176
2016-01-11 02:00:00,2016,1,11,2,0,1,0.0,120,0.0,61.246822080155425
2016-01-11 03:00:00,2016,1,11,3,0,1,0.0,180,0.0,59.840739111572454
2016-01-11 04:00:00,2016,1,11,4,0,1,0.0,240,0.0,60.42696188529521
2016-01-11 05:00:00,2016,1,11,5,0,1,0.0,300,0.0,49.66537008203674
2016-01-11 06:00:00,2016,1,11,6,0,1,0.0,360,0.0,30.886895574395577
2016-01-11 07:00:00,2016,1,11,7,0,1,0.0,420,0.0,23.234741984741987
2016-01-11 08:00:00,2016,1,11,8,0,1,0.0,480,0.0,18.97783741533742
2016-01-11 09:00:00,2016,1,11,9,0,1,0.0,540,0.0,19.814530022863355
2016-01-11 10:00:00,2016,1,11,10,0,1,0.0,600,0.0,28.1700655658989
2016-01-11 11:00:00,2016,1,11,11,0,1,0.0,660,0.0,20.187211645544977
2016-01-11 12:00:00,2016,1,11,12,0,1,0.0,720,0.0,37.72041188707856
2016-01-11 13:00:00,2016,1,11,13,0,1,0.0,780,0.0,42.45138307638308
2016-01-11 14:00:00,2016,1,11,14,0,1,0.0,840,0.0,39.808081162247824
2016-01-11 15:00:00,2016,1,11,15,0,1,0.0,900,0.0,32.43964993964995
2016-01-11 16:00:00,2016,1,11,16,0,1,0.0,960,0.0,22.510780948280953
2016-01-11 17:00:00,2016,1,11,17,0,1,0.0,1020,0.0,27.090455840455842
2016-01-11 18:00:00,2016,1,11,18,0,1,0.0,1080,0.0,32.99278830528831
2016-01-11 19:00:00,2016,1,11,19,0,1,0.0,1140,0.0,56.607757441090776
2016-01-11 20:00:00,2016,1,11,20,0,1,0.0,1200,0.0,59.969772261438926
2016-01-11 21:00:00,2016,1,11,21,0,1,0.0,1260,0.0,61.326123513623514
2016-01-11 22:00:00,2016,1,11,22,0,1,0.0,1320,0.0,62.782619657619676
2016-01-11 23:00:00,2016,1,11,23,0,1,0.0,1380,0.0,64.01436203519536
2016-01-12 00:00:00,2016,1,12,0,0,2,0.0,0,0.0,63.6993108868109
2016-01-12 01:00:00,2016,1,12,1,0,2,0.0,60,0.0,58.7720033553367
2016-01-12 02:00:00,2016,1,12,2,0,2,0.0,120,0.0,59.7482449565783
2016-01-12 03:00:00,2016,1,12,3,0,2,0.0,180,0.0,56.24019915686582
2016-01-12 04:00:00,2016,1,12,4,0,2,0.0,240,0.0,57.50763125763126
2016-01-12 05:00:00,2016,1,12,5,0,2,0.0,300,0.0,48.61022954772955
2016-01-12 06:00:00,2016,1,12,6,0,2,0.0,360,0.0,28.173398902565566
2016-01-12 07:00:00,2016,1,12,7,0,2,0.0,420,0.0,22.408110741444077
2016-01-12 08:00:00,2016,1,12,8,0,2,0.0,480,0.0,21.73549715216382
2016-01-12 09:00:00,2016,1,12,9,0,2,0.0,540,0.0,20.234910026576696
2016-01-12 10:00:00,2016,1,12,10,0,2,0.0,600,0.0,21.40171900588567
2016-01-12 11:00:00,2016,1,12,11,0,2,0.0,660,0.0,30.420538337205006
2016-01-12 12:00:00,2016,1,12,12,0,2,0.0,720,0.0,33.5115417407084
2016-01-12 13:00:00,2016,1,12,13,0,2,0.0,780,0.0,33.66874366874367
2016-01-12 14:00:00,2016,1,12,14,0,2,0.0,840,0.0,33.773155439822105
2016-01-12 15:00:00,2016,1,12,15,0,2,0.0,900,0.0,23.189804127304132
2016-01-12 16:00:00,2016,1,12,16,0,2,0.0,960,0.0,21.102211623044955
2016-01-12 17:00:00,2016,1,12,17,0,2,0.0,1020,0.0,19.84082369499036
2016-01-12 18:00:00,2016,1,12,18,0,2,0.0,1080,0.0,23.646732917566254
2016-01-12 19:00:00,2016,1,12,19,0,2,0.0,1140,0.0,49.307188786355454
2016-01-12 20:00:00,2016,1,12,20,0,2,0.0,1200,0.0,52.72546949630284
2016-01-12 21:00:00,2016,1,12,21,0,2,0.0,1260,0.0,58.23271187854521
2016-01-12 22:00:00,2016,1,12,22,0,2,0.0,1320,0.0,61.75539894289894
2016-01-12 23:00:00,2016,1,12,23,0,2,0.0,1380,0.0,62.70112228445563
2016-01-13 00:00:00,2016,1,13,0,0,3,0.0,0,0.0,62.40167375584043
2016-01-13 01:00:00,2016,1,13,1,0,3,0.0,60,0.0,57.51805887222553
2016-01-13 02:00:00,2016,1,13,2,0,3,0.0,120,0.0,57.5890879015879
2016-01-13 03:00:00,2016,1,13,3,0,3,0.0,180,0.0,58.09127048710382
2016-01-13 04:00:00,2016,1,13,4,0,3,0.0,240,0.0,59.52064827064827
2016-01-13 05:00:00,2016,1,13,5,0,3,0.0,300,0.0,46.901647318313984
2016-01-13 06:00:00,2016,1,13,6,0,3,0.0,360,0.0,30.52448219114886
2016-01-13 07:00:00,2016,1,13,7,0,3,0.0,420,0.0,19.54232079232079
2016-01-13 08:00:00,2016,1,13,8,0,3,0.0,480,0.0,19.865430282096945
2016-01-13 09:00:00,2016,1,13,9,0,3,0.0,540,0.0,19.860077568410897
2016-01-13 10:00:00,2016,1,13,10,0,3,0.0,600,0.0,15.739743135576468
2016-01-13 11:00:00,2016,1,13,11,0,3,0.0,660,0.0,23.117299992299994
2016-01-13 12:00:00,2016,1,13,12,0,3,0.0,720,0.0,31.497549726716397
2016-01-13 13:00:00,2016,1,13,13,0,3,0.0,780,0.0,39.231174231174236
2016-01-13 14:00:00,2016,1,13,14,0,3,0.0,840,0.0,37.9341712675046
2016-01-13 15:00:00,2016,1,13,15,0,3,0.0,900,0.0,35.36334515501182
2016-01-13 16:00:00,2016,1,13,16,0,3,0.0,960,0.0,25.87936671270005
2016-01-13 17:00:00,2016,1,13,17,0,3,0.0,1020,0.0,21.237831029497702
2016-01-13 18:00:00,2016,1,13,18,0,3,0.0,1080,0.0,30.22044272044272
2016-01-13 19:00:00,2016,1,13,19,0,3,0.0,1140,0.0,57.02600900517567
2016-01-13 20:00:00,2016,1,13,20,0,3,0.0,1200,0.0,60.895126415959766
2016-01-13 21:00:00,2016,1,13,21,0,3,0.0,1260,0.0,61.15684230267564
2016-01-13 22:00:00,2016,1,13,22,0,3,0.0,1320,0.0,64.19087492004158
2016-01-13 23:00:00,2016,1,13,23,0,3,0.0,1380,0.0,63.943228839062165
2016-01-14 00:00:00,2016,1,14,0,0,4,0.0,0,0.0,65.7311372936373
2016-01-14 01:00:00,2016,1,14,1,0,4,0.0,60,0.0,59.29017616517618
2016-01-14 02:00:00,2016,1,14,2,0,4,0.0,120,0.0,58.36354169687504
2016-01-14 03:00:00,2016,1,14,3,0,4,0.0,180,0.0,61.62686766853434
2016-01-14 04:00:00,2016,1,14,4,0,4,0.0,240,0.0,58.64192103775438
2016-01-14 05:00:00,2016,1,14,5,0,4,0.0,300,0.0,51.87143874643876
2016-01-14 06:00:00,2016,1,14,6,0,4,0.0,360,0.0,34.21024598107932
2016-01-14 07:00:00,2016,1,14,7,0,4,0.0,420,0.0,23.999016186516187
2016-01-14 08:00:00,2016,1,14,8,0,4,0.0,480,0.0,19.71292169208836
2016-01-14 09:00:00,2016,1,14,9,0,4,0.0,540,0.0,19.836268690435357
2016-01-14 10:00:00,2016,1,14,10,0,4,0.0,600,0.0,22.10773721190388
2016-01-14 11:00:00,2016,1,14,11,0,4,0.0,660,0.0,37.93542637292637
2016-01-14 12:00:00,2016,1,14,12,0,4,0.0,720,0.0,40.58589256505923
2016-01-14 13:00:00,2016,1,14,13,0,4,0.0,780,0.0,44.65774819941487
2016-01-14 14:00:00,2016,1,14,14,0,4,0.0,840,0.0,35.76579461996129
2016-01-14 15:00:00,2016,1,14,15,0,4,0.0,900,0.0,30.156165364498705
2016-01-14 16:00:00,2016,1,14,16,0,4,0.0,960,0.0,23.841282278782277
2016-01-14 17:00:00,2016,1,14,17,0,4,0.0,1020,0.0,26.75114685531352
2016-01-14 18:00:00,2016,1,14,18,0,4,0.0,1080,0.0,42.48522186022186
2016-01-14 19:00:00,2016,1,14,19,0,4,0.0,1140,0.0,57.33276191609525
2016-01-14 20:00:00,2016,1,14,20,0,4,0.0,1200,0.0,60.82796874463542
2016-01-14 21:00:00,2016,1,14,21,0,4,0.0,1260,0.0,61.42071152487819
2016-01-14 22:00:00,2016,1,14,22,0,4,0.0,1320,0.0,62.354759333926005
2016-01-14 23:00:00,2016,1,14,23,0,4,0.0,1380,0.0,63.86116219449553
2016-01-15 00:00:00,2016,1,15,0,0,5,0.0,0,0.0,64.40218908968909
2016-01-15 01:00:00,2016,1,15,1,0,5,0.0,60,0.0,61.04398802315469
2016-01-15 02:00:00,2016,1,15,2,0,5,0.0,120,0.0,60.953875016375015
2016-01-15 03:00:00,2016,1,15,3,0,5,0.0,180,0.0,59.447551843385185
2016-01-15 04:00:00,2016,1,15,4,0,5,0.0,240,0.0,59.84409671909672
2016-01-15 05:00:00,2016,1,15,5,0,5,0.0,300,0.0,51.44542561209227
2016-01-15 06:00:00,2016,1,15,6,0,5,0.0,360,0.0,28.98151835651836
2016-01-15 07:00:00,2016,1,15,7,0,5,0.0,420,0.0,20.923273319106656
2016-01-15 08:00:00,2016,1,15,8,0,5,0.0,480,0.0,22.570987050153715
2016-01-15 09:00:00,2016,1,15,9,0,5,0.0,540,0.0,21.122677060177057
2016-01-15 10:00:00,2016,1,15,10,0,5,0.0,600,0.0,26.927660781827452
2016-01-15 11:00:00,2016,1,15,11,0,5,0.0,660,0.0,26.61867755617756
2016-01-15 12:00:00,2016,1,15,12,0,5,0.0,720,0.0,30.079894871561546
2016-01-15 13:00:00,2016,1,15,13,0,5,0.0,780,0.0,34.20723129056463
2016-01-15 14:00:00,2016,1,15,14,0,5,0.0,840,0.0,31.042764688598023
2016-01-15 15:00:00,2016,1,15,15,0,5,0.0,900,0.0,23.706283602116937
2016-01-15 16:00:00,2016,1,15,16,0,5,0.0,960,0.0,21.70818472901806
2016-01-15 17:00:00,2016,1,15,17,0,5,0.0,1020,0.0,22.97160370077037
2016-01-15 18:00:00,2016,1,15,18,0,5,0.0,1080,0.0,23.37577316743983
2016-01-15 19:00:00,2016,1,15,19,0,5,0.0,1140,0.0,53.22468645385311
2016-01-15 20:00:00,2016,1,15,20,0,5,0.0,1200,0.0,59.52987734237735
2016-01-15 21:00:00,2016,1,15,21,0,5,0.0,1260,0.0,59.32844370344372
2016-01-15 22:00:00,2016,1,15,22,0,5,0.0,1320,0.0,59.63966411883078
2016-01-15 23:00:00,2016,1,15,23,0,5,0.0,1380,0.0,62.786091848591866
2016-01-16 00:00:00,2016,1,16,0,0,6,0.0,0,0.0,63.791352541352545
2016-01-16 01:00:00,2016,1,16,1,0,6,0.0,60,0.0,64.33268037434704
2016-01-16 02:00:00,2016,1,16,2,0,6,0.0,120,0.0,64.2840356382023
2016-01-16 03:00:00,2016,1,16,3,0,6,0.0,180,0.0,62.12412129078795
2016-01-16 04:00:00,2016,1,16,4,0,6,0.0,240,0.0,59.095777741611094
2016-01-16 05:00:00,2016,1,16,5,0,6,0.0,300,0.0,47.9177408344075
2016-01-16 06:00:00,2016,1,16,6,0,6,0.0,360,0.0,47.47989122989123
2016-01-16 07:00:00,2016,1,16,7,0,6,0.0,420,0.0,51.141556037389364
2016-01-16 08:00:00,2016,1,16,8,0,6,0.0,480,0.0,51.52337214837215
2016-01-16 09:00:00,2016,1,16,9,0,6,0.0,540,0.0,45.04524004524006
2016-01-16 10:00:00,2016,1,16,10,0,6,0.0,600,0.0,44.2861028277695
2016-01-16 11:00:00,2016,1,16,11,0,6,0.0,660,0.0,25.689748293914963
2016-01-16 12:00:00,2016,1,16,12,0,6,0.0,720,0.0,23.320580403913738
2016-01-16 13:00:00,2016,1,16,13,0,6,0.0,780,0.0,23.540185519352182
2016-01-16 14:00:00,2016,1,16,14,0,6,0.0,840,0.0,53.02133708383709
2016-01-16 15:00:00,2016,1,16,15,0,6,0.0,900,0.0,32.31936075686076
2016-01-16 16:00:00,2016,1,16,16,0,6,0.0,960,0.0,44.0506753006753
2016-01-16 17:00:00,2016,1,16,17,0,6,0.0,1020,0.0,31.49170482503816
2016-01-16 18:00:00,2016,1,16,18,0,6,0.0,1080,0.0,48.930176326009665
2016-01-16 19:00:00,2016,1,16,19,0,6,0.0,1140,0.0,56.748507686007684
2016-01-16 20:00:00,2016,1,16,20,0,6,0.0,1200,0.0,59.80573782657115
2016-01-16 21:00:00,2016,1,16,21,0,6,0.0,1260,0.0,59.655208717708724
2016-01-16 22:00:00,2016,1,16,22,0,6,0.0,1320,0.0,60.648083252249926
2016-01-16 23:00:00,2016,1,16,23,0,6,0.0,1380,0.0,65.39628654211987
2016-01-17 00:00:00,2016,1,17,0,0,7,0.0,0,0.0,66.92347140263807
2016-01-17 01:00:00,2016,1,17,1,0,7,0.0,60,0.0,67.09189948773282
2016-01-17 02:00:00,2016,1,17,2,0,7,0.0,120,0.0,67.20431314181316
2016-01-17 03:00:00,2016,1,17,3,0,7,0.0,180,0.0,66.45034697118031
2016-01-17 04:00:00,2016,1,17,4,0,7,0.0,240,0.0,65.52071604154939
2016-01-17 05:00:00,2016,1,17,5,0,7,0.0,300,0.0,66.70834837501505
2016-01-17 06:00:00,2016,1,17,6,0,7,0.0,360,0.0,61.89058178641512
2016-01-17 07:00:00,2016,1,17,7,0,7,0.0,420,0.0,51.79754533921201
2016-01-17 08:00:00,2016,1,17,8,0,7,0.0,480,0.0,48.69881036547704
2016-01-17 09:00:00,2016,1,17,9,0,7,0.0,540,0.0,48.32049998716666
2016-01-17 10:00:00,2016,1,17,10,0,7,0.0,600,0.0,52.98456590123257
2016-01-17 11:00:00,2016,1,17,11,0,7,0.0,660,0.0,58.603599436932775
2016-01-17 12:00:00,2016,1,17,12,0,7,0.0,720,0.0,58.63250457000456
2016-01-17 13:00:00,2016,1,17,13,0,7,0.0,780,0.0,54.43849079265747
2016-01-17 14:00:00,2016,1,17,14,0,7,0.0,840,0.0,50.23385867135868
2016-01-17 15:00:00,2016,1,17,15,0,7,0.0,900,0.0,56.25712875712876
2016-01-17 16:00:00,2016,1,17,16,0,7,0.0,960,0.0,57.21080481497149
2016-01-17 17:00:00,2016,1,17,17,0,7,0.0,1020,0.0,53.083062978896315
2016-01-17 18:00:00,2016,1,17,18,0,7,0.0,1080,0.0,46.99979981229981
2016-01-17 19:00:00,2016,1,17,19,0,7,0.0,1140,0.0,57.46621996621997
2016-01-17 20:00:00,2016,1,17,20,0,7,0.0,1200,0.0,60.75062293812294
2016-01-17 21:00:00,2016,1,17,21,0,7,0.0,1260,0.0,61.89494699911367
2016-01-17 22:00:00,2016,1,17,22,0,7,0.0,1320,0.0,63.51445632695634
2016-01-17 23:00:00,2016,1,17,23,0,7,0.0,1380,0.0,65.91674893758227
2016-01-18 00:00:00,2016,1,18,0,0,1,0.5,0,0.0,64.15461248794583
2016-01-18 01:00:00,2016,1,18,1,0,1,0.5,60,0.0,62.994628723795394
2016-01-18 02:00:00,2016,1,18,2,0,1,0.5,120,0.0,61.74229913813249
2016-01-18 03:00:00,2016,1,18,3,0,1,0.5,180,0.0,59.56039435206102
2016-01-18 04:00:00,2016,1,18,4,0,1,0.5,240,0.0,60.9866970283637
2016-01-18 05:00:00,2016,1,18,5,0,1,0.5,300,0.0,49.760802573302584
2016-01-18 06:00:00,2016,1,18,6,0,1,0.5,360,0.0,37.063931543098214
2016-01-18 07:00:00,2016,1,18,7,0,1,0.5,420,0.0,44.9790538332205
2016-01-18 08:00:00,2016,1,18,8,0,1,0.5,480,0.0,48.176702447535796
2016-01-18 09:00:00,2016,1,18,9,0,1,0.5,540,0.0,47.54439494022828
2016-01-18 10:00:00,2016,1,18,10,0,1,0.5,600,0.0,42.63178481928481
2016-01-18 11:00:00,2016,1,18,11,0,1,0.5,660,0.0,39.620509308009304
2016-01-18 12:00:00,2016,1,18,12,0,1,0.5,720,0.0,49.49198511698512
2016-01-18 13:00:00,2016,1,18,13,0,1,0.5,780,0.0,47.22095826262494
2016-01-18 14:00:00,2016,1,18,14,0,1,0.5,840,0.0,40.37057287057288
2016-01-18 15:00:00,2016,1,18,15,0,1,0.5,900,0.0,31.381467735634402
2016-01-18 16:00:00,2016,1,18,16,0,1,0.5,960,0.0,26.596668263334934
2016-01-18 17:00:00,2016,1,18,17,0,1,0.5,1020,0.0,25.194730819730825
2016-01-18 18:00:00,2016,1,18,18,0,1,0.5,1080,0.0,45.43680074930075
2016-01-18 19:00:00,2016,1,18,19,0,1,0.5,1140,0.0,58.54895761145762
2016-01-18 20:00:00,2016,1,18,20,0,1,0.5,1200,0.0,58.53433676350343
2016-01-18 21:00:00,2016,1,18,21,0,1,0.5,1260,0.0,60.95833825000492
2016-01-18 22:00:00,2016,1,18,22,0,1,0.5,1320,0.0,64.09544899128232
2016-01-18 23:00:00,2016,1,18,23,0,1,0.5,1380,0.0,64.66797581380915
2016-01-19 00:00:00,2016,1,19,0,0,2,0.0,0,0.0,63.7045947462614
2016-01-19 01:00:00,2016,1,19,1,0,2,0.0,60,0.0,58.657610636777314
2016-01-19 02:00:00,2016,1,19,2,0,2,0.0,120,0.0,63.20910570910571
2016-01-19 03:00:00,2016,1,19,3,0,2,0.0,180,0.0,61.77348104431437
2016-01-19 04:00:00,2016,1,19,4,0,2,0.0,240,0.0,60.00342552425886
2016-01-19 05:00:00,2016,1,19,5,0,2,0.0,300,0.0,49.06784802618136
2016-01-19 06:00:00,2016,1,19,6,0,2,0.0,360,0.0,29.434386830220173
2016-01-19 07:00:00,2016,1,19,7,0,2,0.0,420,0.0,24.222596826763493
2016-01-19 08:00:00,2016,1,19,8,0,2,0.0,480,0.0,20.832282394782393
2016-01-19 09:00:00,2016,1,19,9,0,2,0.0,540,0.0,22.033642866976205
2016-01-19 10:00:00,2016,1,19,10,0,2,0.0,600,0.0,33.813210167376845
2016-01-19 11:00:00,2016,1,19,11,0,2,0.0,660,0.0,43.949781970615305
2016-01-19 12:00:00,2016,1,19,12,0,2,0.0,720,0.0,42.44518411185077
2016-01-19 13:00:00,2016,1,19,13,0,2,0.0,780,0.0,36.919372648539316
2016-01-19 14:00:00,2016,1,19,14,0,2,0.0,840,0.0,29.52994494661161
2016-01-19 15:00:00,2016,1,19,15,0,2,0.0,900,0.0,23.18699485366152
2016-01-19 16:00:00,2016,1,19,16,0,2,0.0,960,0.0,21.534503930337262
2016-01-19 17:00:00,2016,1,19,17,0,2,0.0,1020,0.0,21.551038946872282
2016-01-19 18:00:00,2016,1,19,18,0,2,0.0,1080,0.0,22.159566117899455
2016-01-19 19:00:00,2016,1,19,19,0,2,0.0,1140,0.0,44.07385980302647
2016-01-19 20:00:00,2016,1,19,20,0,2,0.0,1200,0.0,54.206279518779525
2016-01-19 21:00:00,2016,1,19,21,0,2,0.0,1260,0.0,59.22981943815277
2016-01-19 22:00:00,2016,1,19,22,0,2,0.0,1320,0.0,59.71416158916159
2016-01-19 23:00:00,2016,1,19,23,0,2,0.0,1380,0.0,62.95494493411161
2016-01-20 00:00:00,2016,1,20,0,0,3,0.0,0,0.0,63.48313264979932
2016-01-20 01:00:00,2016,1,20,1,0,3,0.0,60,0.0,60.63934991018325
2016-01-20 02:00:00,2016,1,20,2,0,3,0.0,120,0.0,57.57549955466624
2016-01-20 03:00:00,2016,1,20,3,0,3,0.0,180,0.0,59.36992436992438
2016-01-20 04:00:00,2016,1,20,4,0,3,0.0,240,0.0,59.191681587514914
2016-01-20 05:00:00,2016,1,20,5,0,3,0.0,300,0.0,47.45232141065474
2016-01-20 06:00:00,2016,1,20,6,0,3,0.0,360,0.0,30.50701071534405
2016-01-20 07:00:00,2016,1,20,7,0,3,0.0,420,0.0,22.86680047096714
2016-01-20 08:00:00,2016,1,20,8,0,3,0.0,480,0.0,20.930311763645097
2016-01-20 09:00:00,2016,1,20,9,0,3,0.0,540,0.0,21.130870297536962
2016-01-20 10:00:00,2016,1,20,10,0,3,0.0,600,0.0,26.101919018585686
2016-01-20 11:00:00,2016,1,20,11,0,3,0.0,660,0.0,41.84417434417434
2016-01-20 12:00:00,2016,1,20,12,0,3,0.0,720,0.0,42.56167068667069
2016-01-20 13:00:00,2016,1,20,13,0,3,0.0,780,0.0,44.538282559115885
2016-01-20 14:00:00,2016,1,20,14,0,3,0.0,840,0.0,43.925739029905706
2016-01-20 15:00:00,2016,1,20,15,0,3,0.0,900,0.0,38.835189564356234
2016-01-20 16:00:00,2016,1,20,16,0,3,0.0,960,0.0,31.38033127616461
2016-01-20 17:00:00,2016,1,20,17,0,3,0.0,1020,0.0,26.05228813562147
2016-01-20 18:00:00,2016,1,20,18,0,3,0.0,1080,0.0,38.00249914833248
2016-01-20 19:00:00,2016,1,20,19,0,3,0.0,1140,0.0,58.48212441962443
2016-01-20 20:00:00,2016,1,20,20,0,3,0.0,1200,0.0,58.86078896495564
2016-01-20 21:00:00,2016,1,20,21,0,3,0.0,1260,0.0,55.522579793413136
2016-01-20 22:00:00,2016,1,20,22,0,3,0.0,1320,0.0,53.19294954711621
2016-01-20 23:00:00,2016,1,20,23,0,3,0.0,1380,0.0,51.99742553909221
2016-01-21 00:00:00,2016,1,21,0,0,4,0.0,0,0.0,53.314513314513306
2016-01-21 01:00:00,2016,1,21,1,0,4,0.0,60,0.0,52.99460601543935
2016-01-21 02:00:00,2016,1,21,2,0,4,0.0,120,0.0,51.96088519005185
2016-01-21 03:00:00,2016,1,21,3,0,4,0.0,180,0.0,52.08769323352657
2016-01-21 04:00:00,2016,1,21,4,0,4,0.0,240,0.0,49.336693295026635
2016-01-21 05:00:00,2016,1,21,5,0,4,0.0,300,0.0,37.41785095951763
2016-01-21 06:00:00,2016,1,21,6,0,4,0.0,360,0.0,27.05224590641258
2016-01-21 07:00:00,2016,1,21,7,0,4,0.0,420,0.0,20.335036585036587
2016-01-21 08:00:00,2016,1,21,8,0,4,0.0,480,0.0,17.450234741901408
2016-01-21 09:00:00,2016,1,21,9,0,4,0.0,540,0.0,18.827028514528514
2016-01-21 10:00:00,2016,1,21,10,0,4,0.0,600,0.0,19.258114049780716
2016-01-21 11:00:00,2016,1,21,11,0,4,0.0,660,0.0,18.579104412437747
2016-01-21 12:00:00,2016,1,21,12,0,4,0.0,720,0.0,32.17169498419499
2016-01-21 13:00:00,2016,1,21,13,0,4,0.0,780,0.0,34.81377668877669
2016-01-21 14:00:00,2016,1,21,14,0,4,0.0,840,0.0,28.28872630955964
2016-01-21 15:00:00,2016,1,21,15,0,4,0.0,900,0.0,21.85370216620217
2016-01-21 16:00:00,2016,1,21,16,0,4,0.0,960,0.0,20.45330159913493
2016-01-21 17:00:00,2016,1,21,17,0,4,0.0,1020,0.0,20.46362827612828
2016-01-21 18:00:00,2016,1,21,18,0,4,0.0,1080,0.0,22.649273065939735
2016-01-21 19:00:00,2016,1,21,19,0,4,0.0,1140,0.0,46.23681186181185
2016-01-21 20:00:00,2016,1,21,20,0,4,0.0,1200,0.0,48.0415892915893
2016-01-21 21:00:00,2016,1,21,21,0,4,0.0,1260,0.0,51.05441595024928
2016-01-21 22:00:00,2016,1,21,22,0,4,0.0,1320,0.0,56.348781452948124
2016-01-21 23:00:00,2016,1,21,23,0,4,0.0,1380,0.0,63.5213332088332
2016-01-22 00:00:00,2016,1,22,0,0,5,0.0,0,0.0,60.77352535685869
2016-01-22 01:00:00,2016,1,22,1,0,5,0.0,60,0.0,57.05507132590466
2016-01-22 02:00:00,2016,1,22,2,0,5,0.0,120,0.0,57.91804562637896
2016-01-22 03:00:00,2016,1,22,3,0,5,0.0,180,0.0,56.47370491120491
2016-01-22 04:00:00,2016,1,22,4,0,5,0.0,240,0.0,45.557889932889935
2016-01-22 05:00:00,2016,1,22,5,0,5,0.0,300,0.0,38.37105045438379
2016-01-22 06:00:00,2016,1,22,6,0,5,0.0,360,0.0,29.244466119466114
2016-01-22 07:00:00,2016,1,22,7,0,5,0.0,420,0.0,22.770083290916627
2016-01-22 08:00:00,2016,1,22,8,0,5,0.0,480,0.0,19.86474028140695
2016-01-22 09:00:00,2016,1,22,9,0,5,0.0,540,0.0,20.374178811678814
2016-01-22 10:00:00,2016,1,22,10,0,5,0.0,600,0.0,27.08343718760386
2016-01-22 11:00:00,2016,1,22,11,0,5,0.0,660,0.0,37.59179405012739
2016-01-22 12:00:00,2016,1,22,12,0,5,0.0,720,0.0,45.90033496283496
2016-01-22 13:00:00,2016,1,22,13,0,5,0.0,780,0.0,41.57881564131564
2016-01-22 14:00:00,2016,1,22,14,0,5,0.0,840,0.0,39.56898383981717
2016-01-22 15:00:00,2016,1,22,15,0,5,0.0,900,0.0,25.552690761024095
2016-01-22 16:00:00,2016,1,22,16,0,5,0.0,960,0.0,23.591965987799323
2016-01-22 17:00:00,2016,1,22,17,0,5,0.0,1020,0.0,24.5166374333041
2016-01-22 18:00:00,2016,1,22,18,0,5,0.0,1080,0.0,28.318397485064153
2016-01-22 19:00:00,2016,1,22,19,0,5,0.0,1140,0.0,50.848760536260535
2016-01-22 20:00:00,2016,1,22,20,0,5,0.0,1200,0.0,59.019659019659024
2016-01-22 21:00:00,2016,1,22,21,0,5,0.0,1260,0.0,54.545249961916625
2016-01-22 22:00:00,2016,1,22,22,0,5,0.0,1320,0.0,59.61486378153045
2016-01-22 23:00:00,2016,1,22,23,0,5,0.0,1380,0.0,64.74340547257214
2016-01-23 00:00:00,2016,1,23,0,0,6,0.0,0,0.0,65.26787058037058
2016-01-23 01:00:00,2016,1,23,1,0,6,0.0,60,0.0,64.74832943582943
2016-01-23 02:00:00,2016,1,23,2,0,6,0.0,120,0.0,66.10302610302611
2016-01-23 03:00:00,2016,1,23,3,0,6,0.0,180,0.0,62.82041427874761
2016-01-23 04:00:00,2016,1,23,4,0,6,0.0,240,0.0,61.46091573174906
2016-01-23 05:00:00,2016,1,23,5,0,6,0.0,300,0.0,61.87103364186698
2016-01-23 06:00:00,2016,1,23,6,0,6,0.0,360,0.0,46.94537652870986
2016-01-23 07:00:00,2016,1,23,7,0,6,0.0,420,0.0,52.78784726701394
2016-01-23 08:00:00,2016,1,23,8,0,6,0.0,480,0.0,45.614430301930305
2016-01-23 09:00:00,2016,1,23,9,0,6,0.0,540,0.0,39.875418104584774
2016-01-23 10:00:00,2016,1,23,10,0,6,0.0,600,0.0,28.896172854506194
2016-01-23 11:00:00,2016,1,23,11,0,6,0.0,660,0.0,23.061670561670564
2016-01-23 12:00:00,2016,1,23,12,0,6,0.0,720,0.0,18.975205121038453
2016-01-23 13:00:00,2016,1,23,13,0,6,0.0,780,0.0,19.048099256432593
2016-01-23 14:00:00,2016,1,23,14,0,6,0.0,840,0.0,31.842231008897684
2016-01-23 15:00:00,2016,1,23,15,0,6,0.0,900,0.0,44.8000273000273
2016-01-23 16:00:00,2016,1,23,16,0,6,0.0,960,0.0,46.2582846957847
2016-01-23 17:00:00,2016,1,23,17,0,6,0.0,1020,0.0,50.40457925874593
2016-01-23 18:00:00,2016,1,23,18,0,6,0.0,1080,0.0,31.922887964554622
2016-01-23 19:00:00,2016,1,23,19,0,6,0.0,1140,0.0,58.37657754324422
2016-01-23 20:00:00,2016,1,23,20,0,6,0.0,1200,0.0,60.7642071183738
2016-01-23 21:00:00,2016,1,23,21,0,6,0.0,1260,0.0,58.88229513229515
2016-01-23 22:00:00,2016,1,23,22,0,6,0.0,1320,0.0,61.09281765531767
2016-01-23 23:00:00,2016,1,23,23,0,6,0.0,1380,0.0,64.29501564918232
2016-01-24 00:00:00,2016,1,24,0,0,7,0.0,0,0.0,66.4525212441879
2016-01-24 01:00:00,2016,1,24,1,0,7,0.0,60,0.0,67.28497395164062
2016-01-24 02:00:00,2016,1,24,2,0,7,0.0,120,0.0,67.89677404260739
2016-01-24 03:00:00,2016,1,24,3,0,7,0.0,180,0.0,66.24472041138709
2016-01-24 04:00:00,2016,1,24,4,0,7,0.0,240,0.0,67.1315665065665
2016-01-24 05:00:00,2016,1,24,5,0,7,0.0,300,0.0,65.48991861491861
2016-01-24 06:00:00,2016,1,24,6,0,7,0.0,360,0.0,65.27444475361142
2016-01-24 07:00:00,2016,1,24,7,0,7,0.0,420,0.0,64.06144666561333
2016-01-24 08:00:00,2016,1,24,8,0,7,0.0,480,0.0,63.049297007630344
2016-01-24 09:00:00,2016,1,24,9,0,7,0.0,540,0.0,59.871968726135385
2016-01-24 10:00:00,2016,1,24,10,0,7,0.0,600,0.0,58.2140321723655
2016-01-24 11:00:00,2016,1,24,11,0,7,0.0,660,0.0,57.82734168150836
2016-01-24 12:00:00,2016,1,24,12,0,7,0.0,720,0.0,41.77882823716158
2016-01-24 13:00:00,2016,1,24,13,0,7,0.0,780,0.0,38.490839740839746
2016-01-24 14:00:00,2016,1,24,14,0,7,0.0,840,0.0,55.69826267742934
2016-01-24 15:00:00,2016,1,24,15,0,7,0.0,900,0.0,56.421812255145596
2016-01-24 16:00:00,2016,1,24,16,0,7,0.0,960,0.0,52.41425751842419
2016-01-24 17:00:00,2016,1,24,17,0,7,0.0,1020,0.0,52.584938939105605
2016-01-24 18:00:00,2016,1,24,18,0,7,0.0,1080,0.0,56.00502079668746
2016-01-24 19:00:00,2016,1,24,19,0,7,0.0,1140,0.0,60.1018893727227
2016-01-24 20:00:00,2016,1,24,20,0,7,0.0,1200,0.0,61.46330781747448
2016-01-24 21:00:00,2016,1,24,21,0,7,0.0,1260,0.0,63.82021725771725
2016-01-24 22:00:00,2016,1,24,22,0,7,0.0,1320,0.0,65.18121028537695
2016-01-24 23:00:00,2016,1,24,23,0,7,0.0,1380,0.0,66.59872409872409
2016-01-25 00:00:00,2016,1,25,0,0,1,0.0,0,0.0,65.76455420205421
2016-01-25 01:00:00,2016,1,25,1,0,1,0.0,60,0.0,61.65965572215572
2016-01-25 02:00:00,2016,1,25,2,0,1,0.0,120,0.0,60.882484632484626
2016-01-25 03:00:00,2016,1,25,3,0,1,0.0,180,0.0,61.65956603456604
2016-01-25 04:00:00,2016,1,25,4,0,1,0.0,240,0.0,60.55105773855774
2016-01-25 05:00:00,2016,1,25,5,0,1,0.0,300,0.0,53.922711006044345
2016-01-25 06:00:00,2016,1,25,6,0,1,0.0,360,0.0,32.88449028032362
2016-01-25 07:00:00,2016,1,25,7,0,1,0.0,420,0.0,22.05019517519518
2016-01-25 08:00:00,2016,1,25,8,0,1,0.0,480,0.0,21.931864327697664
2016-01-25 09:00:00,2016,1,25,9,0,1,0.0,540,0.0,22.735394506227845
2016-01-25 10:00:00,2016,1,25,10,0,1,0.0,600,0.0,35.20070707570708
2016-01-25 11:00:00,2016,1,25,11,0,1,0.0,660,0.0,42.58754435837769
2016-01-25 12:00:00,2016,1,25,12,0,1,0.0,720,0.0,48.14873137789805
2016-01-25 13:00:00,2016,1,25,13,0,1,0.0,780,0.0,48.62938029604695
2016-01-25 14:00:00,2016,1,25,14,0,1,0.0,840,0.0,41.83463225129892
2016-01-25 15:00:00,2016,1,25,15,0,1,0.0,900,0.0,34.66100049433383
2016-01-25 16:00:00,2016,1,25,16,0,1,0.0,960,0.0,44.43589558172892
2016-01-25 17:00:00,2016,1,25,17,0,1,0.0,1020,0.0,44.716617008283684
2016-01-25 18:00:00,2016,1,25,18,0,1,0.0,1080,0.0,51.96144321144322
2016-01-25 19:00:00,2016,1,25,19,0,1,0.0,1140,0.0,59.75336121169454
2016-01-25 20:00:00,2016,1,25,20,0,1,0.0,1200,0.0,62.332592853426185
2016-01-25 21:00:00,2016,1,25,21,0,1,0.0,1260,0.0,62.67701288534622
2016-01-25 22:00:00,2016,1,25,22,0,1,0.0,1320,0.0,64.5986013694347
2016-01-25 23:00:00,2016,1,25,23,0,1,0.0,1380,0.0,65.37376829043497
2016-01-26 00:00:00,2016,1,26,0,0,2,0.0,0,0.0,65.3108535400202
2016-01-26 01:00:00,2016,1,26,1,0,2,0.0,60,0.0,60.38121058954393
2016-01-26 02:00:00,2016,1,26,2,0,2,0.0,120,0.0,60.661918995252336
2016-01-26 03:00:00,2016,1,26,3,0,2,0.0,180,0.0,59.256262485429154
2016-01-26 04:00:00,2016,1,26,4,0,2,0.0,240,0.0,60.8059862226529
2016-01-26 05:00:00,2016,1,26,5,0,2,0.0,300,0.0,46.94832121915456
2016-01-26 06:00:00,2016,1,26,6,0,2,0.0,360,0.0,29.64975225391893
2016-01-26 07:00:00,2016,1,26,7,0,2,0.0,420,0.0,21.372314080647413
2016-01-26 08:00:00,2016,1,26,8,0,2,0.0,480,0.0,18.2885418302085
2016-01-26 09:00:00,2016,1,26,9,0,2,0.0,540,0.0,16.39047586964254
2016-01-26 10:00:00,2016,1,26,10,0,2,0.0,600,0.0,21.200067137567142
2016-01-26 11:00:00,2016,1,26,11,0,2,0.0,660,0.0,32.53683264099931
2016-01-26 12:00:00,2016,1,26,12,0,2,0.0,720,0.0,36.38702513702514
2016-01-26 13:00:00,2016,1,26,13,0,2,0.0,780,0.0,42.27641925558592
2016-01-26 14:00:00,2016,1,26,14,0,2,0.0,840,0.0,36.69879430296098
2016-01-26 15:00:00,2016,1,26,15,0,2,0.0,900,0.0,27.40679396929397
2016-01-26 16:00:00,2016,1,26,16,0,2,0.0,960,0.0,28.18825954242621
2016-01-26 17:00:00,2016,1,26,17,0,2,0.0,1020,0.0,28.09802570219237
2016-01-26 18:00:00,2016,1,26,18,0,2,0.0,1080,0.0,44.44247308830642
2016-01-26 19:00:00,2016,1,26,19,0,2,0.0,1140,0.0,58.26154836571502
2016-01-26 20:00:00,2016,1,26,20,0,2,0.0,1200,0.0,57.10569575152908
2016-01-26 21:00:00,2016,1,26,21,0,2,0.0,1260,0.0,60.76315607565608
2016-01-26 22:00:00,2016,1,26,22,0,2,0.0,1320,0.0,63.88754003337337
2016-01-26 23:00:00,2016,1,26,23,0,2,0.0,1380,0.0,63.99723753890421
2016-01-27 00:00:00,2016,1,27,0,0,3,0.0,0,0.0,63.95717718634386
2016-01-27 01:00:00,2016,1,27,1,0,3,0.0,60,0.0,58.52921488338155
2016-01-27 02:00:00,2016,1,27,2,0,3,0.0,120,0.0,58.342069904569904
2016-01-27 03:00:00,2016,1,27,3,0,3,0.0,180,0.0,60.0245211703545
2016-01-27 04:00:00,2016,1,27,4,0,3,0.0,240,0.0,57.01700951700952
2016-01-27 05:00:00,2016,1,27,5,0,3,0.0,300,0.0,48.39680152180153
2016-01-27 06:00:00,2016,1,27,6,0,3,0.0,360,0.0,31.837359649859653
2016-01-27 07:00:00,2016,1,27,7,0,3,0.0,420,0.0,21.080974205974208
2016-01-27 08:00:00,2016,1,27,8,0,3,0.0,480,0.0,20.91086580669914
2016-01-27 09:00:00,2016,1,27,9,0,3,0.0,540,0.0,21.405458176291507
2016-01-27 10:00:00,2016,1,27,10,0,3,0.0,600,0.0,21.525122775122778
2016-01-27 11:00:00,2016,1,27,11,0,3,0.0,660,0.0,34.55684747351414
2016-01-27 12:00:00,2016,1,27,12,0,3,0.0,720,0.0,44.093913885580555
2016-01-27 13:00:00,2016,1,27,13,0,3,0.0,780,0.0,46.48666481999816
2016-01-27 14:00:00,2016,1,27,14,0,3,0.0,840,0.0,33.32972145472146
2016-01-27 15:00:00,2016,1,27,15,0,3,0.0,900,0.0,27.409389076055742
2016-01-27 16:00:00,2016,1,27,16,0,3,0.0,960,0.0,20.14140514140514
2016-01-27 17:00:00,2016,1,27,17,0,3,0.0,1020,0.0,21.388293054959718
2016-01-27 18:00:00,2016,1,27,18,0,3,0.0,1080,0.0,24.03775403775404
2016-01-27 19:00:00,2016,1,27,19,0,3,0.0,1140,0.0,41.17778471945139
2016-01-27 20:00:00,2016,1,27,20,0,3,0.0,1200,0.0,40.599653412153415
2016-01-27 21:00:00,2016,1,27,21,0,3,0.0,1260,0.0,40.24558868308869
2016-01-27 22:00:00,2016,1,27,22,0,3,0.0,1320,0.0,45.16636933303601
2016-01-27 23:00:00,2016,1,27,23,0,3,0.0,1380,0.0,47.68681352014685
2016-01-28 00:00:00,2016,1,28,0,0,4,0.0,0,0.0,53.886865345198686
2016-01-28 01:00:00,2016,1,28,1,0,4,0.0,60,0.0,49.982243836410504
2016-01-28 02:00:00,2016,1,28,2,0,4,0.0,120,0.0,48.99899024899025
2016-01-28 03:00:00,2016,1,28,3,0,4,0.0,180,0.0,49.0202798536132
2016-01-28 04:00:00,2016,1,28,4,0,4,0.0,240,0.0,46.26197834531168
2016-01-28 05:00:00,2016,1,28,5,0,4,0.0,300,0.0,38.11177977844644
2016-01-28 06:00:00,2016,1,28,6,0,4,0.0,360,0.0,28.084825376492045
2016-01-28 07:00:00,2016,1,28,7,0,4,0.0,420,0.0,22.34970880804214
2016-01-28 08:00:00,2016,1,28,8,0,4,0.0,480,0.0,21.53155361488695
2016-01-28 09:00:00,2016,1,28,9,0,4,0.0,540,0.0,19.52214160547494
2016-01-28 10:00:00,2016,1,28,10,0,4,0.0,600,0.0,21.759994676661346
2016-01-28 11:00:00,2016,1,28,11,0,4,0.0,660,0.0,34.106558377391714
2016-01-28 12:00:00,2016,1,28,12,0,4,0.0,720,0.0,40.37905298321965
2016-01-28 13:00:00,2016,1,28,13,0,4,0.0,780,0.0,44.135845906679236
2016-01-28 14:00:00,2016,1,28,14,0,4,0.0,840,0.0,37.577467369134034
2016-01-28 15:00:00,2016,1,28,15,0,4,0.0,900,0.0,29.644864540697878
2016-01-28 16:00:00,2016,1,28,16,0,4,0.0,960,0.0,25.003958649791986
2016-01-28 17:00:00,2016,1,28,17,0,4,0.0,1020,0.0,27.5360290985291
2016-01-28 18:00:00,2016,1,28,18,0,4,0.0,1080,0.0,36.468514176847506
2016-01-28 19:00:00,2016,1,28,19,0,4,0.0,1140,0.0,56.54212945879613
2016-01-28 20:00:00,2016,1,28,20,0,4,0.0,1200,0.0,60.80812362062361
2016-01-28 21:00:00,2016,1,28,21,0,4,0.0,1260,0.0,61.81422900172899
2016-01-28 22:00:00,2016,1,28,22,0,4,0.0,1320,0.0,63.96940282356949
2016-01-28 23:00:00,2016,1,28,23,0,4,0.0,1380,0.0,64.27045854129189
2016-01-29 00:00:00,2016,1,29,0,0,5,0.0,0,0.0,65.90633423966759
2016-01-29 01:00:00,2016,1,29,1,0,5,0.0,60,0.0,60.82014582014583
2016-01-29 02:00:00,2016,1,29,2,0,5,0.0,120,0.0,56.45738635321968
2016-01-29 03:00:00,2016,1,29,3,0,5,0.0,180,0.0,58.70721922805256
2016-01-29 04:00:00,2016,1,29,4,0,5,0.0,240,0.0,59.24492289075622
2016-01-29 05:00:00,2016,1,29,5,0,5,0.0,300,0.0,48.2383005299672
2016-01-29 06:00:00,2016,1,29,6,0,5,0.0,360,0.0,31.229196333363006
2016-01-29 07:00:00,2016,1,29,7,0,5,0.0,420,0.0,21.416016728516727
2016-01-29 08:00:00,2016,1,29,8,0,5,0.0,480,0.0,20.494168098334768
2016-01-29 09:00:00,2016,1,29,9,0,5,0.0,540,0.0,20.81345987595988
2016-01-29 10:00:00,2016,1,29,10,0,5,0.0,600,0.0,24.261010302676976
2016-01-29 11:00:00,2016,1,29,11,0,5,0.0,660,0.0,30.757967216300553
2016-01-29 12:00:00,2016,1,29,12,0,5,0.0,720,0.0,41.470334491167826
2016-01-29 13:00:00,2016,1,29,13,0,5,0.0,780,0.0,40.39615227115227
2016-01-29 14:00:00,2016,1,29,14,0,5,0.0,840,0.0,31.4230232980233
2016-01-29 15:00:00,2016,1,29,15,0,5,0.0,900,0.0,24.210153168486503
2016-01-29 16:00:00,2016,1,29,16,0,5,0.0,960,0.0,26.77091364591364
2016-01-29 17:00:00,2016,1,29,17,0,5,0.0,1020,0.0,24.964717777217775
2016-01-29 18:00:00,2016,1,29,18,0,5,0.0,1080,0.0,35.396340292173626
2016-01-29 19:00:00,2016,1,29,19,0,5,0.0,1140,0.0,55.61207644540979
2016-01-29 20:00:00,2016,1,29,20,0,5,0.0,1200,0.0,59.563597376097384
2016-01-29 21:00:00,2016,1,29,21,0,5,0.0,1260,0.0,60.515911453411455
2016-01-29 22:00:00,2016,1,29,22,0,5,0.0,1320,0.0,60.868838577171914
2016-01-29 23:00:00,2016,1,29,23,0,5,0.0,1380,0.0,65.70075799242464
2016-01-30 00:00:00,2016,1,30,0,0,6,0.0,0,0.0,66.46600792434127
2016-01-30 01:00:00,2016,1,30,1,0,6,0.0,60,0.0,64.8806734223401
2016-01-30 02:00:00,2016,1,30,2,0,6,0.0,120,0.0,65.61589467839468
2016-01-30 03:00:00,2016,1,30,3,0,6,0.0,180,0.0,62.838997005663686
2016-01-30 04:00:00,2016,1,30,4,0,6,0.0,240,0.0,63.53042519709188
2016-01-30 05:00:00,2016,1,30,5,0,6,0.0,300,0.0,65.00760167426834
2016-01-30 06:00:00,2016,1,30,6,0,6,0.0,360,0.0,62.74631878798545
2016-01-30 07:00:00,2016,1,30,7,0,6,0.0,420,0.0,59.416156291156284
2016-01-30 08:00:00,2016,1,30,8,0,6,0.0,480,0.0,53.49250547167215
2016-01-30 09:00:00,2016,1,30,9,0,6,0.0,540,0.0,50.72072926239593
2016-01-30 10:00:00,2016,1,30,10,0,6,0.0,600,0.0,37.475456225456234
2016-01-30 11:00:00,2016,1,30,11,0,6,0.0,660,0.0,22.40764865764866
2016-01-30 12:00:00,2016,1,30,12,0,6,0.0,720,0.0,21.18549003965671
2016-01-30 13:00:00,2016,1,30,13,0,6,0.0,780,0.0,35.306191452024784
2016-01-30 14:00:00,2016,1,30,14,0,6,0.0,840,0.0,42.595406449573126
2016-01-30 15:00:00,2016,1,30,15,0,6,0.0,900,0.0,54.33416495916496
2016-01-30 16:00:00,2016,1,30,16,0,6,0.0,960,0.0,52.349547453714116
2016-01-30 17:00:00,2016,1,30,17,0,6,0.0,1020,0.0,48.57274503107836
2016-01-30 18:00:00,2016,1,30,18,0,6,0.0,1080,0.0,47.555119117619114
2016-01-30 19:00:00,2016,1,30,19,0,6,0.0,1140,0.0,58.05616420199754
2016-01-30 20:00:00,2016,1,30,20,0,6,0.0,1200,0.0,61.017164975498304
2016-01-30 21:00:00,2016,1,30,21,0,6,0.0,1260,0.0,60.972312743146084
2016-01-30 22:00:00,2016,1,30,22,0,6,0.0,1320,0.0,62.524033669867
2016-01-30 23:00:00,2016,1,30,23,0,6,0.0,1380,0.0,65.35348712432045
2016-01-31 00:00:00,2016,1,31,0,0,7,0.0,0,0.0,67.00242710659377
2016-01-31 01:00:00,2016,1,31,1,0,7,0.0,60,0.0,69.3288319329986
2016-01-31 02:00:00,2016,1,31,2,0,7,0.0,120,0.0,68.39126547459881
2016-01-31 03:00:00,2016,1,31,3,0,7,0.0,180,0.0,66.4091153674487
2016-01-31 04:00:00,2016,1,31,4,0,7,0.0,240,0.0,67.11814534731202
2016-01-31 05:00:00,2016,1,31,5,0,7,0.0,300,0.0,67.75537900537901
2016-01-31 06:00:00,2016,1,31,6,0,7,0.0,360,0.0,64.03823674657009
2016-01-31 07:00:00,2016,1,31,7,0,7,0.0,420,0.0,65.73524333940999
2016-01-31 08:00:00,2016,1,31,8,0,7,0.0,480,0.0,63.57502670002669
2016-01-31 09:00:00,2016,1,31,9,0,7,0.0,540,0.0,58.1713383796717
2016-01-31 10:00:00,2016,1,31,10,0,7,0.0,600,0.0,55.36903255653257
2016-01-31 11:00:00,2016,1,31,11,0,7,0.0,660,0.0,53.08846704680038
2016-01-31 12:00:00,2016,1,31,12,0,7,0.0,720,0.0,41.934854226520905
2016-01-31 13:00:00,2016,1,31,13,0,7,0.0,780,0.0,26.28321065821066
2016-01-31 14:00:00,2016,1,31,14,0,7,0.0,840,0.0,54.19042825292826
2016-01-31 15:00:00,2016,1,31,15,0,7,0.0,900,0.0,54.03389767973101
2016-01-31 16:00:00,2016,1,31,16,0,7,0.0,960,0.0,55.34283128033129
2016-01-31 17:00:00,2016,1,31,17,0,7,0.0,1020,0.0,54.524723170556506
2016-01-31 18:00:00,2016,1,31,18,0,7,0.0,1080,0.0,55.40094269260936
2016-01-31 19:00:00,2016,1,31,19,0,7,0.0,1140,0.0,59.72361024444356
2016-01-31 20:00:00,2016,1,31,20,0,7,0.0,1200,0.0,61.856144043644036
2016-01-31 21:00:00,2016,1,31,21,0,7,0.0,1260,0.0,63.29321943905276
2016-01-31 22:00:00,2016,1,31,22,0,7,0.0,1320,0.0,65.7454734538068
2016-01-31 23:00:00,2016,1,31,23,0,7,0.0,1380,0.0,67.63746576246577
2016-02-01 00:00:00,2016,2,1,0,0,1,0.0,0,0.0,68.02710094376762
2016-02-01 01:00:00,2016,2,1,1,0,1,0.0,60,0.0,62.281068322734995
2016-02-01 02:00:00,2016,2,1,2,0,1,0.0,120,0.0,59.313428584261935
2016-02-01 03:00:00,2016,2,1,3,0,1,0.0,180,0.0,50.79775736025735
2016-02-01 04:00:00,2016,2,1,4,0,1,0.0,240,0.0,48.68131732715066
2016-02-01 05:00:00,2016,2,1,5,0,1,0.0,300,0.0,42.027952861286195
2016-02-01 06:00:00,2016,2,1,6,0,1,0.0,360,0.0,33.60665318998653
2016-02-01 07:00:00,2016,2,1,7,0,1,0.0,420,0.0,24.27950198783532
2016-02-01 08:00:00,2016,2,1,8,0,1,0.0,480,0.0,21.321577779911113
2016-02-01 09:00:00,2016,2,1,9,0,1,0.0,540,0.0,21.534083721583723
2016-02-01 10:00:00,2016,2,1,10,0,1,0.0,600,0.0,37.351317247150575
2016-02-01 11:00:00,2016,2,1,11,0,1,0.0,660,0.0,44.648053293886626
2016-02-01 12:00:00,2016,2,1,12,0,1,0.0,720,0.0,35.08024133024133
2016-02-01 13:00:00,2016,2,1,13,0,1,0.0,780,0.0,46.98741709158376
2016-02-01 14:00:00,2016,2,1,14,0,1,0.0,840,0.0,43.79831348581348
2016-02-01 15:00:00,2016,2,1,15,0,1,0.0,900,0.0,49.422568068401404
2016-02-01 16:00:00,2016,2,1,16,0,1,0.0,960,0.0,46.282052532052546
2016-02-01 17:00:00,2016,2,1,17,0,1,0.0,1020,0.0,46.30019505019504
2016-02-01 18:00:00,2016,2,1,18,0,1,0.0,1080,0.0,52.93447553864221
2016-02-01 19:00:00,2016,2,1,19,0,1,0.0,1140,0.0,59.9577151660485
2016-02-01 20:00:00,2016,2,1,20,0,1,0.0,1200,0.0,62.56329995913328
2016-02-01 21:00:00,2016,2,1,21,0,1,0.0,1260,0.0,63.895872229205565
2016-02-01 22:00:00,2016,2,1,22,0,1,0.0,1320,0.0,63.87057064140399
2016-02-01 23:00:00,2016,2,1,23,0,1,0.0,1380,0.0,65.49127288710622
2016-02-02 00:00:00,2016,2,2,0,0,2,0.0,0,0.0,64.18315605815607
2016-02-02 01:00:00,2016,2,2,1,0,2,0.0,60,0.0,59.259157071657064
2016-02-02 02:00:00,2016,2,2,2,0,2,0.0,120,0.0,58.07901328734663
2016-02-02 03:00:00,2016,2,2,3,0,2,0.0,180,0.0,60.36741078407746
2016-02-02 04:00:00,2016,2,2,4,0,2,0.0,240,0.0,60.06307235473903
2016-02-02 05:00:00,2016,2,2,5,0,2,0.0,300,0.0,49.73332150415484
2016-02-02 06:00:00,2016,2,2,6,0,2,0.0,360,0.0,30.85683241933242
2016-02-02 07:00:00,2016,2,2,7,0,2,0.0,420,0.0,22.50520438020438
2016-02-02 08:00:00,2016,2,2,8,0,2,0.0,480,0.0,20.731611669111672
2016-02-02 09:00:00,2016,2,2,9,0,2,0.0,540,0.0,22.227905977905976
2016-02-02 10:00:00,2016,2,2,10,0,2,0.0,600,0.0,31.69886888636889
2016-02-02 11:00:00,2016,2,2,11,0,2,0.0,660,0.0,30.61640717890717
2016-02-02 12:00:00,2016,2,2,12,0,2,0.0,720,0.0,48.7292695626029
2016-02-02 13:00:00,2016,2,2,13,0,2,0.0,780,0.0,48.756997194497195
2016-02-02 14:00:00,2016,2,2,14,0,2,0.0,840,0.0,44.94114285780953
2016-02-02 15:00:00,2016,2,2,15,0,2,0.0,900,0.0,30.289467789467793
2016-02-02 16:00:00,2016,2,2,16,0,2,0.0,960,0.0,41.39163357913358
2016-02-02 17:00:00,2016,2,2,17,0,2,0.0,1020,0.0,38.32897541230875
2016-02-02 18:00:00,2016,2,2,18,0,2,0.0,1080,0.0,50.74166522083189
2016-02-02 19:00:00,2016,2,2,19,0,2,0.0,1140,0.0,59.09587201253867
2016-02-02 20:00:00,2016,2,2,20,0,2,0.0,1200,0.0,61.43314205814206
2016-02-02 21:00:00,2016,2,2,21,0,2,0.0,1260,0.0,62.26533872367205
2016-02-02 22:00:00,2016,2,2,22,0,2,0.0,1320,0.0,64.62672671006004
2016-02-02 23:00:00,2016,2,2,23,0,2,0.0,1380,0.0,65.77824827824828
2016-02-03 00:00:00,2016,2,3,0,0,3,0.0,0,0.0,66.18584024834024
2016-02-03 01:00:00,2016,2,3,1,0,3,0.0,60,0.0,61.167474084140736
2016-02-03 02:00:00,2016,2,3,2,0,3,0.0,120,0.0,60.114295947629294
2016-02-03 03:00:00,2016,2,3,3,0,3,0.0,180,0.0,58.77359012775679
2016-02-03 04:00:00,2016,2,3,4,0,3,0.0,240,0.0,59.75551548468216
2016-02-03 05:00:00,2016,2,3,5,0,3,0.0,300,0.0,50.432088557088555
2016-02-03 06:00:00,2016,2,3,6,0,3,0.0,360,0.0,32.497526872526876
2016-02-03 07:00:00,2016,2,3,7,0,3,0.0,420,0.0,23.392007662840996
2016-02-03 08:00:00,2016,2,3,8,0,3,0.0,480,0.0,20.670281191114526
2016-02-03 09:00:00,2016,2,3,9,0,3,0.0,540,0.0,21.8894129310796
2016-02-03 10:00:00,2016,2,3,10,0,3,0.0,600,0.0,31.728018498851835
2016-02-03 11:00:00,2016,2,3,11,0,3,0.0,660,0.0,44.5930981347648
2016-02-03 12:00:00,2016,2,3,12,0,3,0.0,720,0.0,40.42544771711439
2016-02-03 13:00:00,2016,2,3,13,0,3,0.0,780,0.0,30.02269408519408
2016-02-03 14:00:00,2016,2,3,14,0,3,0.0,840,0.0,28.429090512423844
2016-02-03 15:00:00,2016,2,3,15,0,3,0.0,900,0.0,23.12396260312927
2016-02-03 16:00:00,2016,2,3,16,0,3,0.0,960,0.0,21.739718614718623
2016-02-03 17:00:00,2016,2,3,17,0,3,0.0,1020,0.0,21.142014579514576
2016-02-03 18:00:00,2016,2,3,18,0,3,0.0,1080,0.0,23.830728934895603
2016-02-03 19:00:00,2016,2,3,19,0,3,0.0,1140,0.0,51.733746733746734
2016-02-03 20:00:00,2016,2,3,20,0,3,0.0,1200,0.0,60.63432198848867
2016-02-03 21:00:00,2016,2,3,21,0,3,0.0,1260,0.0,62.339636089636095
2016-02-03 22:00:00,2016,2,3,22,0,3,0.0,1320,0.0,57.11895347312015
2016-02-03 23:00:00,2016,2,3,23,0,3,0.0,1380,0.0,49.487326778993456
2016-02-04 00:00:00,2016,2,4,0,0,4,0.0,0,0.0,59.96256142089475
2016-02-04 01:00:00,2016,2,4,1,0,4,0.0,60,0.0,55.88157161073829
2016-02-04 02:00:00,2016,2,4,2,0,4,0.0,120,0.0,58.02025520775522
2016-02-04 03:00:00,2016,2,4,3,0,4,0.0,180,0.0,59.01800714300715
2016-02-04 04:00:00,2016,2,4,4,0,4,0.0,240,0.0,59.35579550162885
2016-02-04 05:00:00,2016,2,4,5,0,4,0.0,300,0.0,50.68000068000068
2016-02-04 06:00:00,2016,2,4,6,0,4,0.0,360,0.0,35.607829045329055
2016-02-04 07:00:00,2016,2,4,7,0,4,0.0,420,0.0,35.937555416722084
2016-02-04 08:00:00,2016,2,4,8,0,4,0.0,480,0.0,19.448226323226326
2016-02-04 09:00:00,2016,2,4,9,0,4,0.0,540,0.0,20.427547510880846
2016-02-04 10:00:00,2016,2,4,10,0,4,0.0,600,0.0,27.87127214210548
2016-02-04 11:00:00,2016,2,4,11,0,4,0.0,660,0.0,41.404877550710886
2016-02-04 12:00:00,2016,2,4,12,0,4,0.0,720,0.0,42.376982168648844
2016-02-04 13:00:00,2016,2,4,13,0,4,0.0,780,0.0,46.2261841428508
2016-02-04 14:00:00,2016,2,4,14,0,4,0.0,840,0.0,38.09678830512164
2016-02-04 15:00:00,2016,2,4,15,0,4,0.0,900,0.0,28.956943748610417
2016-02-04 16:00:00,2016,2,4,16,0,4,0.0,960,0.0,27.831999498666168
2016-02-04 17:00:00,2016,2,4,17,0,4,0.0,1020,0.0,32.64362576862577
2016-02-04 18:00:00,2016,2,4,18,0,4,0.0,1080,0.0,48.59217223800557
2016-02-04 19:00:00,2016,2,4,19,0,4,0.0,1140,0.0,57.37699164782498
2016-02-04 20:00:00,2016,2,4,20,0,4,0.0,1200,0.0,59.77082622915956
2016-02-04 21:00:00,2016,2,4,21,0,4,0.0,1260,0.0,62.25833986250654
2016-02-04 22:00:00,2016,2,4,22,0,4,0.0,1320,0.0,64.27310416893751
2016-02-04 23:00:00,2016,2,4,23,0,4,0.0,1380,0.0,67.12925265008597
2016-02-05 00:00:00,2016,2,5,0,0,5,0.0,0,0.0,65.21591115341117
2016-02-05 01:00:00,2016,2,5,1,0,5,0.0,60,0.0,62.010143780977124
2016-02-05 02:00:00,2016,2,5,2,0,5,0.0,120,0.0,58.964028859862196
2016-02-05 03:00:00,2016,2,5,3,0,5,0.0,180,0.0,60.66183899517233
2016-02-05 04:00:00,2016,2,5,4,0,5,0.0,240,0.0,59.30446284612952
2016-02-05 05:00:00,2016,2,5,5,0,5,0.0,300,0.0,49.70923783423783
2016-02-05 06:00:00,2016,2,5,6,0,5,0.0,360,0.0,30.17701538534872
2016-02-05 07:00:00,2016,2,5,7,0,5,0.0,420,0.0,22.986475382308715
2016-02-05 08:00:00,2016,2,5,8,0,5,0.0,480,0.0,22.049710383043717
2016-02-05 09:00:00,2016,2,5,9,0,5,0.0,540,0.0,28.51150840734174
2016-02-05 10:00:00,2016,2,5,10,0,5,0.0,600,0.0,31.91758004258004
2016-02-05 11:00:00,2016,2,5,11,0,5,0.0,660,0.0,39.553684032850704
2016-02-05 12:00:00,2016,2,5,12,0,5,0.0,720,0.0,45.09516301182969
2016-02-05 13:00:00,2016,2,5,13,0,5,0.0,780,0.0,44.65403121653122
2016-02-05 14:00:00,2016,2,5,14,0,5,0.0,840,0.0,34.840175256841924
2016-02-05 15:00:00,2016,2,5,15,0,5,0.0,900,0.0,24.579641350474684
2016-02-05 16:00:00,2016,2,5,16,0,5,0.0,960,0.0,21.049057819891157
2016-02-05 17:00:00,2016,2,5,17,0,5,0.0,1020,0.0,21.46757000923668
2016-02-05 18:00:00,2016,2,5,18,0,5,0.0,1080,0.0,34.27447073280407
2016-02-05 19:00:00,2016,2,5,19,0,5,0.0,1140,0.0,40.50888540471873
2016-02-05 20:00:00,2016,2,5,20,0,5,0.0,1200,0.0,58.12607843857844
2016-02-05 21:00:00,2016,2,5,21,0,5,0.0,1260,0.0,60.36189025772361
2016-02-05 22:00:00,2016,2,5,22,0,5,0.0,1320,0.0,61.93769964603299
2016-02-05 23:00:00,2016,2,5,23,0,5,0.0,1380,0.0,65.14871546121547
2016-02-06 00:00:00,2016,2,6,0,0,6,0.0,0,0.0,66.86289936289937
2016-02-06 01:00:00,2016,2,6,1,0,6,0.0,60,0.0,66.538457684291
2016-02-06 02:00:00,2016,2,6,2,0,6,0.0,120,0.0,66.30862641279309
2016-02-06 03:00:00,2016,2,6,3,0,6,0.0,180,0.0,64.20720535303869
2016-02-06 04:00:00,2016,2,6,4,0,6,0.0,240,0.0,64.26671947505282
2016-02-06 05:00:00,2016,2,6,5,0,6,0.0,300,0.0,64.85226985226986
2016-02-06 06:00:00,2016,2,6,6,0,6,0.0,360,0.0,63.87511283344617
2016-02-06 07:00:00,2016,2,6,7,0,6,0.0,420,0.0,60.350433058766406
2016-02-06 08:00:00,2016,2,6,8,0,6,0.0,480,0.0,55.411285827952504
2016-02-06 09:00:00,2016,2,6,9,0,6,0.0,540,0.0,34.093204405704405
2016-02-06 10:00:00,2016,2,6,10,0,6,0.0,600,0.0,28.31143747810414
2016-02-06 11:00:00,2016,2,6,11,0,6,0.0,660,0.0,20.297150401317072
2016-02-06 12:00:00,2016,2,6,12,0,6,0.0,720,0.0,22.18391405891406
2016-02-06 13:00:00,2016,2,6,13,0,6,0.0,780,0.0,23.122760726927396
2016-02-06 14:00:00,2016,2,6,14,0,6,0.0,840,0.0,50.16137599470934
2016-02-06 15:00:00,2016,2,6,15,0,6,0.0,900,0.0,49.53133546883547
2016-02-06 16:00:00,2016,2,6,16,0,6,0.0,960,0.0,49.70491855908523
2016-02-06 17:00:00,2016,2,6,17,0,6,0.0,1020,0.0,49.83842202592203
2016-02-06 18:00:00,2016,2,6,18,0,6,0.0,1080,0.0,46.48010408427075
2016-02-06 19:00:00,2016,2,6,19,0,6,0.0,1140,0.0,59.11411713495047
2016-02-06 20:00:00,2016,2,6,20,0,6,0.0,1200,0.0,61.04392843976178
2016-02-06 21:00:00,2016,2,6,21,0,6,0.0,1260,0.0,60.78118057284724
2016-02-06 22:00:00,2016,2,6,22,0,6,0.0,1320,0.0,62.43981577314909
2016-02-06 23:00:00,2016,2,6,23,0,6,0.0,1380,0.0,64.85643662726997
2016-02-07 00:00:00,2016,2,7,0,0,7,0.0,0,0.0,67.39694718861385
2016-02-07 01:00:00,2016,2,7,1,0,7,0.0,60,0.0,67.45809277059278
2016-02-07 02:00:00,2016,2,7,2,0,7,0.0,120,0.0,66.9643905060572
2016-02-07 03:00:00,2016,2,7,3,0,7,0.0,180,0.0,66.96058987725654
2016-02-07 04:00:00,2016,2,7,4,0,7,0.0,240,0.0,66.09202348785682
2016-02-07 05:00:00,2016,2,7,5,0,7,0.0,300,0.0,67.76929506096174
2016-02-07 06:00:00,2016,2,7,6,0,7,0.0,360,0.0,66.28124701041368
2016-02-07 07:00:00,2016,2,7,7,0,7,0.0,420,0.0,66.28410492993827
2016-02-07 08:00:00,2016,2,7,8,0,7,0.0,480,0.0,63.937652062652056
2016-02-07 09:00:00,2016,2,7,9,0,7,0.0,540,0.0,60.50297571130904
2016-02-07 10:00:00,2016,2,7,10,0,7,0.0,600,0.0,58.78086180169513
2016-02-07 11:00:00,2016,2,7,11,0,7,0.0,660,0.0,58.51736653819987
2016-02-07 12:00:00,2016,2,7,12,0,7,0.0,720,0.0,58.61849788933123
2016-02-07 13:00:00,2016,2,7,13,0,7,0.0,780,0.0,42.839479506146176
2016-02-07 14:00:00,2016,2,7,14,0,7,0.0,840,0.0,55.72384103634104
2016-02-07 15:00:00,2016,2,7,15,0,7,0.0,900,0.0,59.55085955085954
2016-02-07 16:00:00,2016,2,7,16,0,7,0.0,960,0.0,63.50173287673289
2016-02-07 17:00:00,2016,2,7,17,0,7,0.0,1020,0.0,62.7336217961218
2016-02-07 18:00:00,2016,2,7,18,0,7,0.0,1080,0.0,61.21781507198173
2016-02-07 19:00:00,2016,2,7,19,0,7,0.0,1140,0.0,60.22436730770064
2016-02-07 20:00:00,2016,2,7,20,0,7,0.0,1200,0.0,38.673214819048155
2016-02-07 21:00:00,2016,2,7,21,0,7,0.0,1260,0.0,61.067337004837015
2016-02-07 22:00:00,2016,2,7,22,0,7,0.0,1320,0.0,65.23530190196857
2016-02-07 23:00:00,2016,2,7,23,0,7,0.0,1380,0.0,68.01127176127176
2016-02-08 00:00:00,2016,2,8,0,0,1,0.0,0,0.0,67.61089302755968
2016-02-08 01:00:00,2016,2,8,1,0,1,0.0,60,0.0,64.1308577766911
2016-02-08 02:00:00,2016,2,8,2,0,1,0.0,120,0.0,61.39033399450067
2016-02-08 03:00:00,2016,2,8,3,0,1,0.0,180,0.0,61.682583870083874
2016-02-08 04:00:00,2016,2,8,4,0,1,0.0,240,0.0,62.01494816078149
2016-02-08 05:00:00,2016,2,8,5,0,1,0.0,300,0.0,49.71057658557658
2016-02-08 06:00:00,2016,2,8,6,0,1,0.0,360,0.0,30.309966664133338
2016-02-08 07:00:00,2016,2,8,7,0,1,0.0,420,0.0,21.292454000787334
2016-02-08 08:00:00,2016,2,8,8,0,1,0.0,480,0.0,19.94475192391859
2016-02-08 09:00:00,2016,2,8,9,0,1,0.0,540,0.0,22.31109710276377
2016-02-08 10:00:00,2016,2,8,10,0,1,0.0,600,0.0,29.47408728658729
2016-02-08 11:00:00,2016,2,8,11,0,1,0.0,660,0.0,39.33250370750371
2016-02-08 12:00:00,2016,2,8,12,0,1,0.0,720,0.0,45.443161484828146
2016-02-08 13:00:00,2016,2,8,13,0,1,0.0,780,0.0,47.530073050906374
2016-02-08 14:00:00,2016,2,8,14,0,1,0.0,840,0.0,33.38939838939839
2016-02-08 15:00:00,2016,2,8,15,0,1,0.0,900,0.0,26.692577213410548
2016-02-08 16:00:00,2016,2,8,16,0,1,0.0,960,0.0,24.74743568493568
2016-02-08 17:00:00,2016,2,8,17,0,1,0.0,1020,0.0,25.009794801461467
2016-02-08 18:00:00,2016,2,8,18,0,1,0.0,1080,0.0,37.500857396690726
2016-02-08 19:00:00,2016,2,8,19,0,1,0.0,1140,0.0,59.88538926038925
2016-02-08 20:00:00,2016,2,8,20,0,1,0.0,1200,0.0,63.30488455488456
2016-02-08 21:00:00,2016,2,8,21,0,1,0.0,1260,0.0,64.29450085700087
2016-02-08 22:00:00,2016,2,8,22,0,1,0.0,1320,0.0,65.72632374715708
2016-02-08 23:00:00,2016,2,8,23,0,1,0.0,1380,0.0,65.5368720993721
2016-02-09 00:00:00,2016,2,9,0,0,2,0.0,0,0.0,63.93289237039236
2016-02-09 01:00:00,2016,2,9,1,0,2,0.0,60,0.0,59.64730568897235
2016-02-09 02:00:00,2016,2,9,2,0,2,0.0,120,0.0,58.9600223975224
2016-02-09 03:00:00,2016,2,9,3,0,2,0.0,180,0.0,59.20962608462609
2016-02-09 04:00:00,2016,2,9,4,0,2,0.0,240,0.0,58.41226737060071
2016-02-09 05:00:00,2016,2,9,5,0,2,0.0,300,0.0,49.262419262419264
2016-02-09 06:00:00,2016,2,9,6,0,2,0.0,360,0.0,29.99215613798947
2016-02-09 07:00:00,2016,2,9,7,0,2,0.0,420,0.0,23.252732002732003
2016-02-09 08:00:00,2016,2,9,8,0,2,0.0,480,0.0,20.68400505900506
2016-02-09 09:00:00,2016,2,9,9,0,2,0.0,540,0.0,23.167172021338686
2016-02-09 10:00:00,2016,2,9,10,0,2,0.0,600,0.0,37.13334713334714
2016-02-09 11:00:00,2016,2,9,11,0,2,0.0,660,0.0,46.57297532297532
2016-02-09 12:00:00,2016,2,9,12,0,2,0.0,720,0.0,46.875584792251466
2016-02-09 13:00:00,2016,2,9,13,0,2,0.0,780,0.0,48.93880289713624
2016-02-09 14:00:00,2016,2,9,14,0,2,0.0,840,0.0,38.7299502924503
2016-02-09 15:00:00,2016,2,9,15,0,2,0.0,900,0.0,28.70112568029235
2016-02-09 16:00:00,2016,2,9,16,0,2,0.0,960,0.0,29.597490847490846
2016-02-09 17:00:00,2016,2,9,17,0,2,0.0,1020,0.0,34.603589603589604
2016-02-09 18:00:00,2016,2,9,18,0,2,0.0,1080,0.0,47.673518715185374
2016-02-09 19:00:00,2016,2,9,19,0,2,0.0,1140,0.0,58.90217244383911
2016-02-09 20:00:00,2016,2,9,20,0,2,0.0,1200,0.0,62.96264171264173
2016-02-09 21:00:00,2016,2,9,21,0,2,0.0,1260,0.0,63.81815090148424
2016-02-09 22:00:00,2016,2,9,22,0,2,0.0,1320,0.0,64.07898845398846
2016-02-09 23:00:00,2016,2,9,23,0,2,0.0,1380,0.0,65.71480373563706
2016-02-10 00:00:00,2016,2,10,0,0,3,0.0,0,0.0,66.55342759509425
2016-02-10 01:00:00,2016,2,10,1,0,3,0.0,60,0.0,60.229340333507004
2016-02-10 02:00:00,2016,2,10,2,0,3,0.0,120,0.0,58.951959368626035
2016-02-10 03:00:00,2016,2,10,3,0,3,0.0,180,0.0,60.80168840585507
2016-02-10 04:00:00,2016,2,10,4,0,3,0.0,240,0.0,58.26595972429306
2016-02-10 05:00:00,2016,2,10,5,0,3,0.0,300,0.0,49.48461802628469
2016-02-10 06:00:00,2016,2,10,6,0,3,0.0,360,0.0,27.581668727502063
2016-02-10 07:00:00,2016,2,10,7,0,3,0.0,420,0.0,24.27868521618522
2016-02-10 08:00:00,2016,2,10,8,0,3,0.0,480,0.0,21.00824611241278
2016-02-10 09:00:00,2016,2,10,9,0,3,0.0,540,0.0,25.814716752216754
2016-02-10 10:00:00,2016,2,10,10,0,3,0.0,600,0.0,21.803308990808997
2016-02-10 11:00:00,2016,2,10,11,0,3,0.0,660,0.0,30.588386317552988
2016-02-10 12:00:00,2016,2,10,12,0,3,0.0,720,0.0,36.3366786283453
2016-02-10 13:00:00,2016,2,10,13,0,3,0.0,780,0.0,39.59770834770834
2016-02-10 14:00:00,2016,2,10,14,0,3,0.0,840,0.0,40.03945826862494
2016-02-10 15:00:00,2016,2,10,15,0,3,0.0,900,0.0,28.318722068722078
2016-02-10 16:00:00,2016,2,10,16,0,3,0.0,960,0.0,22.800398425398424
2016-02-10 17:00:00,2016,2,10,17,0,3,0.0,1020,0.0,25.33699450366117
2016-02-10 18:00:00,2016,2,10,18,0,3,0.0,1080,0.0,38.441691462524794
2016-02-10 19:00:00,2016,2,10,19,0,3,0.0,1140,0.0,58.685385352052016
2016-02-10 20:00:00,2016,2,10,20,0,3,0.0,1200,0.0,61.02138654221988
2016-02-10 21:00:00,2016,2,10,21,0,3,0.0,1260,0.0,62.125859313359314
2016-02-10 22:00:00,2016,2,10,22,0,3,0.0,1320,0.0,63.7260731010731
2016-02-10 23:00:00,2016,2,10,23,0,3,0.0,1380,0.0,66.27457575374244
2016-02-11 00:00:00,2016,2,11,0,0,4,0.0,0,0.0,66.15310834060834
2016-02-11 01:00:00,2016,2,11,1,0,4,0.0,60,0.0,61.84001017334351
2016-02-11 02:00:00,2016,2,11,2,0,4,0.0,120,0.0,61.12851414934749
2016-02-11 03:00:00,2016,2,11,3,0,4,0.0,180,0.0,60.68653454070121
2016-02-11 04:00:00,2016,2,11,4,0,4,0.0,240,0.0,59.871735184235185
2016-02-11 05:00:00,2016,2,11,5,0,4,0.0,300,0.0,49.25242883576218
2016-02-11 06:00:00,2016,2,11,6,0,4,0.0,360,0.0,30.227871790371793
2016-02-11 07:00:00,2016,2,11,7,0,4,0.0,420,0.0,21.685404497904496
2016-02-11 08:00:00,2016,2,11,8,0,4,0.0,480,0.0,20.54906461156461
2016-02-11 09:00:00,2016,2,11,9,0,4,0.0,540,0.0,19.77544300460967
2016-02-11 10:00:00,2016,2,11,10,0,4,0.0,600,0.0,27.01950931117598
2016-02-11 11:00:00,2016,2,11,11,0,4,0.0,660,0.0,40.74559991226658
2016-02-11 12:00:00,2016,2,11,12,0,4,0.0,720,0.0,44.63844234677568
2016-02-11 13:00:00,2016,2,11,13,0,4,0.0,780,0.0,38.6430634347301
2016-02-11 14:00:00,2016,2,11,14,0,4,0.0,840,0.0,32.33985161068494
2016-02-11 15:00:00,2016,2,11,15,0,4,0.0,900,0.0,22.43745306245306
2016-02-11 16:00:00,2016,2,11,16,0,4,0.0,960,0.0,20.867477950811285
2016-02-11 17:00:00,2016,2,11,17,0,4,0.0,1020,0.0,22.094337927671262
2016-02-11 18:00:00,2016,2,11,18,0,4,0.0,1080,0.0,22.15864642947977
2016-02-11 19:00:00,2016,2,11,19,0,4,0.0,1140,0.0,40.88851005517673
2016-02-11 20:00:00,2016,2,11,20,0,4,0.0,1200,0.0,56.67475834142501
2016-02-11 21:00:00,2016,2,11,21,0,4,0.0,1260,0.0,55.226698664198665
2016-02-11 22:00:00,2016,2,11,22,0,4,0.0,1320,0.0,46.09623578373578
2016-02-11 23:00:00,2016,2,11,23,0,4,0.0,1380,0.0,51.53251184501185
2016-02-12 00:00:00,2016,2,12,0,0,5,0.0,0,0.0,43.58865379698714
2016-02-12 01:00:00,2016,2,12,1,0,5,0.0,60,0.0,48.39758329341663
2016-02-12 02:00:00,2016,2,12,2,0,5,0.0,120,0.0,53.55081042581042
2016-02-12 03:00:00,2016,2,12,3,0,5,0.0,180,0.0,48.99841056091057
2016-02-12 04:00:00,2016,2,12,4,0,5,0.0,240,0.0,53.0668304626638
2016-02-12 05:00:00,2016,2,12,5,0,5,0.0,300,0.0,39.97278570195237
2016-02-12 06:00:00,2016,2,12,6,0,5,0.0,360,0.0,27.841414612247945
2016-02-12 07:00:00,2016,2,12,7,0,5,0.0,420,0.0,22.579706433873103
2016-02-12 08:00:00,2016,2,12,8,0,5,0.0,480,0.0,19.80695991112658
2016-02-12 09:00:00,2016,2,12,9,0,5,0.0,540,0.0,21.156806990140325
2016-02-12 10:00:00,2016,2,12,10,0,5,0.0,600,0.0,16.595020761687433
2016-02-12 11:00:00,2016,2,12,11,0,5,0.0,660,0.0,21.72263620180287
2016-02-12 12:00:00,2016,2,12,12,0,5,0.0,720,0.0,38.7862333695667
2016-02-12 13:00:00,2016,2,12,13,0,5,0.0,780,0.0,42.39055978639312
2016-02-12 14:00:00,2016,2,12,14,0,5,0.0,840,0.0,34.6450419367086
2016-02-12 15:00:00,2016,2,12,15,0,5,0.0,900,0.0,26.249647291313963
2016-02-12 16:00:00,2016,2,12,16,0,5,0.0,960,0.0,24.243435701769034
2016-02-12 17:00:00,2016,2,12,17,0,5,0.0,1020,0.0,25.439169189169192
2016-02-12 18:00:00,2016,2,12,18,0,5,0.0,1080,0.0,25.075286325286328
2016-02-12 19:00:00,2016,2,12,19,0,5,0.0,1140,0.0,47.939994814994826
2016-02-12 20:00:00,2016,2,12,20,0,5,0.0,1200,0.0,58.80399474149474
2016-02-12 21:00:00,2016,2,12,21,0,5,0.0,1260,0.0,59.818439922606586
2016-02-12 22:00:00,2016,2,12,22,0,5,0.0,1320,0.0,62.168311022477695
2016-02-12 23:00:00,2016,2,12,23,0,5,0.0,1380,0.0,64.14437862354528
2016-02-13 00:00:00,2016,2,13,0,0,6,0.0,0,0.0,57.60080312163646
2016-02-13 01:00:00,2016,2,13,1,0,6,0.0,60,0.0,59.42624307207641
2016-02-13 02:00:00,2016,2,13,2,0,6,0.0,120,0.0,63.83550102300103
2016-02-13 03:00:00,2016,2,13,3,0,6,0.0,180,0.0,64.69189479606148
2016-02-13 04:00:00,2016,2,13,4,0,6,0.0,240,0.0,64.65613965613964
2016-02-13 05:00:00,2016,2,13,5,0,6,0.0,300,0.0,64.22960391710392
2016-02-13 06:00:00,2016,2,13,6,0,6,0.0,360,0.0,61.782201573868235
2016-02-13 07:00:00,2016,2,13,7,0,6,0.0,420,0.0,60.95042834626168
2016-02-13 08:00:00,2016,2,13,8,0,6,0.0,480,0.0,55.79599371266038
2016-02-13 09:00:00,2016,2,13,9,0,6,0.0,540,0.0,50.39654143820811
2016-02-13 10:00:00,2016,2,13,10,0,6,0.0,600,0.0,33.48024837608171
2016-02-13 11:00:00,2016,2,13,11,0,6,0.0,660,0.0,23.447708135208135
2016-02-13 12:00:00,2016,2,13,12,0,6,0.0,720,0.0,20.399010815677485
2016-02-13 13:00:00,2016,2,13,13,0,6,0.0,780,0.0,20.024066690733356
2016-02-13 14:00:00,2016,2,13,14,0,6,0.0,840,0.0,27.75612588112588
2016-02-13 15:00:00,2016,2,13,15,0,6,0.0,900,0.0,30.220394387061052
2016-02-13 16:00:00,2016,2,13,16,0,6,0.0,960,0.0,28.232964378797707
2016-02-13 17:00:00,2016,2,13,17,0,6,0.0,1020,0.0,29.110873485873483
2016-02-13 18:00:00,2016,2,13,18,0,6,0.0,1080,0.0,36.90856472106473
2016-02-13 19:00:00,2016,2,13,19,0,6,0.0,1140,0.0,55.37671683505017
2016-02-13 20:00:00,2016,2,13,20,0,6,0.0,1200,0.0,59.906070114403455
2016-02-13 21:00:00,2016,2,13,21,0,6,0.0,1260,0.0,61.00707090290424
2016-02-13 22:00:00,2016,2,13,22,0,6,0.0,1320,0.0,60.65980222230224
2016-02-13 23:00:00,2016,2,13,23,0,6,0.0,1380,0.0,64.00574244324245
2016-02-14 00:00:00,2016,2,14,0,0,7,0.0,0,0.0,66.75837686254353
2016-02-14 01:00:00,2016,2,14,1,0,7,0.0,60,0.0,67.37231070564404
2016-02-14 02:00:00,2016,2,14,2,0,7,0.0,120,0.0,67.89610945860946
2016-02-14 03:00:00,2016,2,14,3,0,7,0.0,180,0.0,66.96958144874812
2016-02-14 04:00:00,2016,2,14,4,0,7,0.0,240,0.0,67.03394192977527
2016-02-14 05:00:00,2016,2,14,5,0,7,0.0,300,0.0,68.01402124318791
2016-02-14 06:00:00,2016,2,14,6,0,7,0.0,360,0.0,63.276254317920994
2016-02-14 07:00:00,2016,2,14,7,0,7,0.0,420,0.0,57.35149037232372
2016-02-14 08:00:00,2016,2,14,8,0,7,0.0,480,0.0,60.56015941432607
2016-02-14 09:00:00,2016,2,14,9,0,7,0.0,540,0.0,57.94766701016702
2016-02-14 10:00:00,2016,2,14,10,0,7,0.0,600,0.0,49.23500381833716
2016-02-14 11:00:00,2016,2,14,11,0,7,0.0,660,0.0,34.48532844366178
2016-02-14 12:00:00,2016,2,14,12,0,7,0.0,720,0.0,26.35522635522636
2016-02-14 13:00:00,2016,2,14,13,0,7,0.0,780,0.0,28.974797828964498
2016-02-14 14:00:00,2016,2,14,14,0,7,0.0,840,0.0,50.90624184374186
2016-02-14 15:00:00,2016,2,14,15,0,7,0.0,900,0.0,54.97126913793582
2016-02-14 16:00:00,2016,2,14,16,0,7,0.0,960,0.0,55.65136617219951
2016-02-14 17:00:00,2016,2,14,17,0,7,0.0,1020,0.0,55.199623116289786
2016-02-14 18:00:00,2016,2,14,18,0,7,0.0,1080,0.0,55.47899818733152
2016-02-14 19:00:00,2016,2,14,19,0,7,0.0,1140,0.0,58.037785225285226
2016-02-14 20:00:00,2016,2,14,20,0,7,0.0,1200,0.0,55.32464553297888
2016-02-14 21:00:00,2016,2,14,21,0,7,0.0,1260,0.0,56.209041834041834
2016-02-14 22:00:00,2016,2,14,22,0,7,0.0,1320,0.0,64.41363441363441
2016-02-14 23:00:00,2016,2,14,23,0,7,0.0,1380,0.0,65.6777602610936
2016-02-15 00:00:00,2016,2,15,0,0,1,0.5,0,0.0,67.4451161951162
2016-02-15 01:00:00,2016,2,15,1,0,1,0.5,60,0.0,65.46939328189329
2016-02-15 02:00:00,2016,2,15,2,0,1,0.5,120,0.0,64.1836891836892
2016-02-15 03:00:00,2016,2,15,3,0,1,0.5,180,0.0,60.6945521528855
2016-02-15 04:00:00,2016,2,15,4,0,1,0.5,240,0.0,61.83474068890735
2016-02-15 05:00:00,2016,2,15,5,0,1,0.5,300,0.0,54.51929754013087
2016-02-15 06:00:00,2016,2,15,6,0,1,0.5,360,0.0,38.2245800995801
2016-02-15 07:00:00,2016,2,15,7,0,1,0.5,420,0.0,47.41261418344752
2016-02-15 08:00:00,2016,2,15,8,0,1,0.5,480,0.0,44.09351044767712
2016-02-15 09:00:00,2016,2,15,9,0,1,0.5,540,0.0,41.24339030589031
2016-02-15 10:00:00,2016,2,15,10,0,1,0.5,600,0.0,28.4016223599557
2016-02-15 11:00:00,2016,2,15,11,0,1,0.5,660,0.0,27.9928983053983
2016-02-15 12:00:00,2016,2,15,12,0,1,0.5,720,0.0,38.83402654235987
2016-02-15 13:00:00,2016,2,15,13,0,1,0.5,780,0.0,42.029817133983805
2016-02-15 14:00:00,2016,2,15,14,0,1,0.5,840,0.0,33.106239043739045
2016-02-15 15:00:00,2016,2,15,15,0,1,0.5,900,0.0,24.87623904290571
2016-02-15 16:00:00,2016,2,15,16,0,1,0.5,960,0.0,23.738845405512077
2016-02-15 17:00:00,2016,2,15,17,0,1,0.5,1020,0.0,27.40711990711991
2016-02-15 18:00:00,2016,2,15,18,0,1,0.5,1080,0.0,49.86767778434446
2016-02-15 19:00:00,2016,2,15,19,0,1,0.5,1140,0.0,57.3109259567593
2016-02-15 20:00:00,2016,2,15,20,0,1,0.5,1200,0.0,58.06143004059672
2016-02-15 21:00:00,2016,2,15,21,0,1,0.5,1260,0.0,55.462992546325886
2016-02-15 22:00:00,2016,2,15,22,0,1,0.5,1320,0.0,56.28101367684701
2016-02-15 23:00:00,2016,2,15,23,0,1,0.5,1380,0.0,59.66971269054602
2016-02-16 00:00:00,2016,2,16,0,0,2,0.0,0,0.0,64.44709736376403
2016-02-16 01:00:00,2016,2,16,1,0,2,0.0,60,0.0,63.192532567532574
2016-02-16 02:00:00,2016,2,16,2,0,2,0.0,120,0.0,60.442644296810975
2016-02-16 03:00:00,2016,2,16,3,0,2,0.0,180,0.0,60.879611087944426
2016-02-16 04:00:00,2016,2,16,4,0,2,0.0,240,0.0,59.705049496716164
2016-02-16 05:00:00,2016,2,16,5,0,2,0.0,300,0.0,49.327190681357344
2016-02-16 06:00:00,2016,2,16,6,0,2,0.0,360,0.0,24.028530903530903
2016-02-16 07:00:00,2016,2,16,7,0,2,0.0,420,0.0,21.543987585654254
2016-02-16 08:00:00,2016,2,16,8,0,2,0.0,480,0.0,21.515202556869227
2016-02-16 09:00:00,2016,2,16,9,0,2,0.0,540,0.0,21.567812505312506
2016-02-16 10:00:00,2016,2,16,10,0,2,0.0,600,0.0,23.416140395307057
2016-02-16 11:00:00,2016,2,16,11,0,2,0.0,660,0.0,39.950741409074745
2016-02-16 12:00:00,2016,2,16,12,0,2,0.0,720,0.0,45.57973568390235
2016-02-16 13:00:00,2016,2,16,13,0,2,0.0,780,0.0,48.52929425846093
2016-02-16 14:00:00,2016,2,16,14,0,2,0.0,840,0.0,42.32175253008586
2016-02-16 15:00:00,2016,2,16,15,0,2,0.0,900,0.0,45.7520045020045
2016-02-16 16:00:00,2016,2,16,16,0,2,0.0,960,0.0,38.812302041468705
2016-02-16 17:00:00,2016,2,16,17,0,2,0.0,1020,0.0,40.66132264048931
2016-02-16 18:00:00,2016,2,16,18,0,2,0.0,1080,0.0,53.00282925282926
2016-02-16 19:00:00,2016,2,16,19,0,2,0.0,1140,0.0,56.41385235135234
2016-02-16 20:00:00,2016,2,16,20,0,2,0.0,1200,0.0,63.29889996556664
2016-02-16 21:00:00,2016,2,16,21,0,2,0.0,1260,0.0,63.39593683343684
2016-02-16 22:00:00,2016,2,16,22,0,2,0.0,1320,0.0,65.13391232141232
2016-02-16 23:00:00,2016,2,16,23,0,2,0.0,1380,0.0,66.17370419453754
2016-02-17 00:00:00,2016,2,17,0,0,3,0.0,0,0.0,66.86536342786343
2016-02-17 01:00:00,2016,2,17,1,0,3,0.0,60,0.0,62.70297864047865
2016-02-17 02:00:00,2016,2,17,2,0,3,0.0,120,0.0,58.715708403208396
2016-02-17 03:00:00,2016,2,17,3,0,3,0.0,180,0.0,59.77329727329727
2016-02-17 04:00:00,2016,2,17,4,0,3,0.0,240,0.0,58.677191698025034
2016-02-17 05:00:00,2016,2,17,5,0,3,0.0,300,0.0,50.49307049307049
2016-02-17 06:00:00,2016,2,17,6,0,3,0.0,360,0.0,30.816315295481957
2016-02-17 07:00:00,2016,2,17,7,0,3,0.0,420,0.0,23.927589760923098
2016-02-17 08:00:00,2016,2,17,8,0,3,0.0,480,0.0,22.36482413565747
2016-02-17 09:00:00,2016,2,17,9,0,3,0.0,540,0.0,21.800010445843782
2016-02-17 10:00:00,2016,2,17,10,0,3,0.0,600,0.0,36.11819799319799
2016-02-17 11:00:00,2016,2,17,11,0,3,0.0,660,0.0,36.051293863793866
2016-02-17 12:00:00,2016,2,17,12,0,3,0.0,720,0.0,36.30583224333224
2016-02-17 13:00:00,2016,2,17,13,0,3,0.0,780,0.0,35.68496922663589
2016-02-17 14:00:00,2016,2,17,14,0,3,0.0,840,0.0,31.020913937580605
2016-02-17 15:00:00,2016,2,17,15,0,3,0.0,900,0.0,22.475030183363515
2016-02-17 16:00:00,2016,2,17,16,0,3,0.0,960,0.0,24.376247917914586
2016-02-17 17:00:00,2016,2,17,17,0,3,0.0,1020,0.0,40.612509258342584
2016-02-17 18:00:00,2016,2,17,18,0,3,0.0,1080,0.0,42.561969541136214
2016-02-17 19:00:00,2016,2,17,19,0,3,0.0,1140,0.0,42.96207108707109
2016-02-17 20:00:00,2016,2,17,20,0,3,0.0,1200,0.0,38.662508141674806
2016-02-17 21:00:00,2016,2,17,21,0,3,0.0,1260,0.0,44.490674074007416
2016-02-17 22:00:00,2016,2,17,22,0,3,0.0,1320,0.0,56.775356254522926
2016-02-17 23:00:00,2016,2,17,23,0,3,0.0,1380,0.0,59.00157160573827
2016-02-18 00:00:00,2016,2,18,0,0,4,0.0,0,0.0,63.52313727313728
2016-02-18 01:00:00,2016,2,18,1,0,4,0.0,60,0.0,59.479875625708964
2016-02-18 02:00:00,2016,2,18,2,0,4,0.0,120,0.0,58.98808596725263
2016-02-18 03:00:00,2016,2,18,3,0,4,0.0,180,0.0,60.24043763627097
2016-02-18 04:00:00,2016,2,18,4,0,4,0.0,240,0.0,59.64092359925694
2016-02-18 05:00:00,2016,2,18,5,0,4,0.0,300,0.0,49.25104143854144
2016-02-18 06:00:00,2016,2,18,6,0,4,0.0,360,0.0,29.388170117336784
2016-02-18 07:00:00,2016,2,18,7,0,4,0.0,420,0.0,24.949812033145367
2016-02-18 08:00:00,2016,2,18,8,0,4,0.0,480,0.0,20.713717067883735
2016-02-18 09:00:00,2016,2,18,9,0,4,0.0,540,0.0,24.119486931986938
2016-02-18 10:00:00,2016,2,18,10,0,4,0.0,600,0.0,36.60568014734682
2016-02-18 11:00:00,2016,2,18,11,0,4,0.0,660,0.0,32.885820906654246
2016-02-18 12:00:00,2016,2,18,12,0,4,0.0,720,0.0,44.14685175101841
2016-02-18 13:00:00,2016,2,18,13,0,4,0.0,780,0.0,37.941777733444404
2016-02-18 14:00:00,2016,2,18,14,0,4,0.0,840,0.0,35.04305931389265
2016-02-18 15:00:00,2016,2,18,15,0,4,0.0,900,0.0,20.947358551525223
2016-02-18 16:00:00,2016,2,18,16,0,4,0.0,960,0.0,22.510851677518342
2016-02-18 17:00:00,2016,2,18,17,0,4,0.0,1020,0.0,27.22092972092972
2016-02-18 18:00:00,2016,2,18,18,0,4,0.0,1080,0.0,43.63120915204249
2016-02-18 19:00:00,2016,2,18,19,0,4,0.0,1140,0.0,57.899315711815724
2016-02-18 20:00:00,2016,2,18,20,0,4,0.0,1200,0.0,56.66341801758468
2016-02-18 21:00:00,2016,2,18,21,0,4,0.0,1260,0.0,52.866440366440365
2016-02-18 22:00:00,2016,2,18,22,0,4,0.0,1320,0.0,62.25012256262256
2016-02-18 23:00:00,2016,2,18,23,0,4,0.0,1380,0.0,64.93749347916015
2016-02-19 00:00:00,2016,2,19,0,0,5,0.0,0,0.0,63.69783463533465
2016-02-19 01:00:00,2016,2,19,1,0,5,0.0,60,0.0,61.3862163862164
2016-02-19 02:00:00,2016,2,19,2,0,5,0.0,120,0.0,58.711775586775595
2016-02-19 03:00:00,2016,2,19,3,0,5,0.0,180,0.0,58.119257910924574
2016-02-19 04:00:00,2016,2,19,4,0,5,0.0,240,0.0,53.07988651738651
2016-02-19 05:00:00,2016,2,19,5,0,5,0.0,300,0.0,44.14186945436945
2016-02-19 06:00:00,2016,2,19,6,0,5,0.0,360,0.0,27.890857370024037
2016-02-19 07:00:00,2016,2,19,7,0,5,0.0,420,0.0,23.313534876034876
2016-02-19 08:00:00,2016,2,19,8,0,5,0.0,480,0.0,18.79275941775942
2016-02-19 09:00:00,2016,2,19,9,0,5,0.0,540,0.0,20.585478397978402
2016-02-19 10:00:00,2016,2,19,10,0,5,0.0,600,0.0,33.00448612948613
2016-02-19 11:00:00,2016,2,19,11,0,5,0.0,660,0.0,36.989572927072935
2016-02-19 12:00:00,2016,2,19,12,0,5,0.0,720,0.0,35.08459633459634
2016-02-19 13:00:00,2016,2,19,13,0,5,0.0,780,0.0,32.15867715867716
2016-02-19 14:00:00,2016,2,19,14,0,5,0.0,840,0.0,26.873387706721044
2016-02-19 15:00:00,2016,2,19,15,0,5,0.0,900,0.0,24.291628562461895
2016-02-19 16:00:00,2016,2,19,16,0,5,0.0,960,0.0,24.034044659044664
2016-02-19 17:00:00,2016,2,19,17,0,5,0.0,1020,0.0,26.976215205381877
2016-02-19 18:00:00,2016,2,19,18,0,5,0.0,1080,0.0,36.89324251824252
2016-02-19 19:00:00,2016,2,19,19,0,5,0.0,1140,0.0,52.87562443812444
2016-02-19 20:00:00,2016,2,19,20,0,5,0.0,1200,0.0,59.089271380938044
2016-02-19 21:00:00,2016,2,19,21,0,5,0.0,1260,0.0,60.97353951520618
2016-02-19 22:00:00,2016,2,19,22,0,5,0.0,1320,0.0,60.3971928971929
2016-02-19 23:00:00,2016,2,19,23,0,5,0.0,1380,0.0,61.794268565101895
2016-02-20 00:00:00,2016,2,20,0,0,6,0.0,0,0.0,65.04643212976546
2016-02-20 01:00:00,2016,2,20,1,0,6,0.0,60,0.0,65.72875031208365
2016-02-20 02:00:00,2016,2,20,2,0,6,0.0,120,0.0,64.66313362146695
2016-02-20 03:00:00,2016,2,20,3,0,6,0.0,180,0.0,64.13720757470759
2016-02-20 04:00:00,2016,2,20,4,0,6,0.0,240,0.0,64.7002847002847
2016-02-20 05:00:00,2016,2,20,5,0,6,0.0,300,0.0,64.11185244518578
2016-02-20 06:00:00,2016,2,20,6,0,6,0.0,360,0.0,61.20373130789799
2016-02-20 07:00:00,2016,2,20,7,0,6,0.0,420,0.0,60.83632729466063
2016-02-20 08:00:00,2016,2,20,8,0,6,0.0,480,0.0,37.88244288244289
2016-02-20 09:00:00,2016,2,20,9,0,6,0.0,540,0.0,25.22020657437324
2016-02-20 10:00:00,2016,2,20,10,0,6,0.0,600,0.0,19.00176837676837
2016-02-20 11:00:00,2016,2,20,11,0,6,0.0,660,0.0,20.942558546725216
2016-02-20 12:00:00,2016,2,20,12,0,6,0.0,720,0.0,17.624654291320958
2016-02-20 13:00:00,2016,2,20,13,0,6,0.0,780,0.0,15.031161697828365
2016-02-20 14:00:00,2016,2,20,14,0,6,0.0,840,0.0,18.118886243886248
2016-02-20 15:00:00,2016,2,20,15,0,6,0.0,900,0.0,22.986562882396214
2016-02-20 16:00:00,2016,2,20,16,0,6,0.0,960,0.0,28.88957649374316
2016-02-20 17:00:00,2016,2,20,17,0,6,0.0,1020,0.0,31.279530446197114
2016-02-20 18:00:00,2016,2,20,18,0,6,0.0,1080,0.0,31.507995674662343
2016-02-20 19:00:00,2016,2,20,19,0,6,0.0,1140,0.0,48.5235421693755
2016-02-20 20:00:00,2016,2,20,20,0,6,0.0,1200,0.0,58.40894195060863
2016-02-20 21:00:00,2016,2,20,21,0,6,0.0,1260,0.0,58.579176391676405
2016-02-20 22:00:00,2016,2,20,22,0,6,0.0,1320,0.0,61.38379211295879
2016-02-20 23:00:00,2016,2,20,23,0,6,0.0,1380,0.0,64.4563099771433
2016-02-21 00:00:00,2016,2,21,0,0,7,0.0,0,0.0,67.75492212992215
2016-02-21 01:00:00,2016,2,21,1,0,7,0.0,60,0.0,68.46686867520201
2016-02-21 02:00:00,2016,2,21,2,0,7,0.0,120,0.0,68.67559263392596
2016-02-21 03:00:00,2016,2,21,3,0,7,0.0,180,0.0,67.26298236714904
2016-02-21 04:00:00,2016,2,21,4,0,7,0.0,240,0.0,68.88079940163273
2016-02-21 05:00:00,2016,2,21,5,0,7,0.0,300,0.0,67.27383904467239
2016-02-21 06:00:00,2016,2,21,6,0,7,0.0,360,0.0,65.6943314234981
2016-02-21 07:00:00,2016,2,21,7,0,7,0.0,420,0.0,65.26258911675579
2016-02-21 08:00:00,2016,2,21,8,0,7,0.0,480,0.0,63.48261535761535
2016-02-21 09:00:00,2016,2,21,9,0,7,0.0,540,0.0,58.09977778727779
2016-02-21 10:00:00,2016,2,21,10,0,7,0.0,600,0.0,53.42413404913405
2016-02-21 11:00:00,2016,2,21,11,0,7,0.0,660,0.0,33.75441865025197
2016-02-21 12:00:00,2016,2,21,12,0,7,0.0,720,0.0,20.95177584760918
2016-02-21 13:00:00,2016,2,21,13,0,7,0.0,780,0.0,19.26669853753187
2016-02-21 14:00:00,2016,2,21,14,0,7,0.0,840,0.0,32.38253540336874
2016-02-21 15:00:00,2016,2,21,15,0,7,0.0,900,0.0,54.870143932643934
2016-02-21 16:00:00,2016,2,21,16,0,7,0.0,960,0.0,56.608916192249545
2016-02-21 17:00:00,2016,2,21,17,0,7,0.0,1020,0.0,55.69318069318069
2016-02-21 18:00:00,2016,2,21,18,0,7,0.0,1080,0.0,52.73129418962753
2016-02-21 19:00:00,2016,2,21,19,0,7,0.0,1140,0.0,60.06083881083882
2016-02-21 20:00:00,2016,2,21,20,0,7,0.0,1200,0.0,61.509363176029844
2016-02-21 21:00:00,2016,2,21,21,0,7,0.0,1260,0.0,63.49349203515871
2016-02-21 22:00:00,2016,2,21,22,0,7,0.0,1320,0.0,65.43193053609721
2016-02-21 23:00:00,2016,2,21,23,0,7,0.0,1380,0.0,67.51787553870888
2016-02-22 00:00:00,2016,2,22,0,0,1,0.0,0,0.0,66.8414048622382
2016-02-22 01:00:00,2016,2,22,1,0,1,0.0,60,0.0,61.945803299969974
2016-02-22 02:00:00,2016,2,22,2,0,1,0.0,120,0.0,61.78535220201888
2016-02-22 03:00:00,2016,2,22,3,0,1,0.0,180,0.0,61.33095674762342
2016-02-22 04:00:00,2016,2,22,4,0,1,0.0,240,0.0,61.974300411800414
2016-02-22 05:00:00,2016,2,22,5,0,1,0.0,300,0.0,51.21742371742371
2016-02-22 06:00:00,2016,2,22,6,0,1,0.0,360,0.0,32.71678105011438
2016-02-22 07:00:00,2016,2,22,7,0,1,0.0,420,0.0,23.03825199658533
2016-02-22 08:00:00,2016,2,22,8,0,1,0.0,480,0.0,22.48630342380343
2016-02-22 09:00:00,2016,2,22,9,0,1,0.0,540,0.0,24.206552435719104
2016-02-22 10:00:00,2016,2,22,10,0,1,0.0,600,0.0,35.85376647876648
2016-02-22 11:00:00,2016,2,22,11,0,1,0.0,660,0.0,39.57579905496573
2016-02-22 12:00:00,2016,2,22,12,0,1,0.0,720,0.0,46.24318207651541
2016-02-22 13:00:00,2016,2,22,13,0,1,0.0,780,0.0,46.26294042960709
2016-02-22 14:00:00,2016,2,22,14,0,1,0.0,840,0.0,38.42021321187988
2016-02-22 15:00:00,2016,2,22,15,0,1,0.0,900,0.0,38.347550326717
2016-02-22 16:00:00,2016,2,22,16,0,1,0.0,960,0.0,40.24732805982806
2016-02-22 17:00:00,2016,2,22,17,0,1,0.0,1020,0.0,44.37105562105563
2016-02-22 18:00:00,2016,2,22,18,0,1,0.0,1080,0.0,52.92384938218271
2016-02-22 19:00:00,2016,2,22,19,0,1,0.0,1140,0.0,59.60784908701575
2016-02-22 20:00:00,2016,2,22,20,0,1,0.0,1200,0.0,61.764907702407704
2016-02-22 21:00:00,2016,2,22,21,0,1,0.0,1260,0.0,62.73563929813929
2016-02-22 22:00:00,2016,2,22,22,0,1,0.0,1320,0.0,64.660941327608
2016-02-22 23:00:00,2016,2,22,23,0,1,0.0,1380,0.0,64.60958596375262
2016-02-23 00:00:00,2016,2,23,0,0,2,0.0,0,0.0,64.70913897997231
2016-02-23 01:00:00,2016,2,23,1,0,2,0.0,60,0.0,61.97649770566439
2016-02-23 02:00:00,2016,2,23,2,0,2,0.0,120,0.0,57.790228623561944
2016-02-23 03:00:00,2016,2,23,3,0,2,0.0,180,0.0,61.332409769909766
2016-02-23 04:00:00,2016,2,23,4,0,2,0.0,240,0.0,58.16850837684171
2016-02-23 05:00:00,2016,2,23,5,0,2,0.0,300,0.0,49.96100433600435
2016-02-23 06:00:00,2016,2,23,6,0,2,0.0,360,0.0,31.19542025792026
2016-02-23 07:00:00,2016,2,23,7,0,2,0.0,420,0.0,24.28598970265637
2016-02-23 08:00:00,2016,2,23,8,0,2,0.0,480,0.0,18.781819927653263
2016-02-23 09:00:00,2016,2,23,9,0,2,0.0,540,0.0,20.38549851049851
2016-02-23 10:00:00,2016,2,23,10,0,2,0.0,600,0.0,24.75742684076018
2016-02-23 11:00:00,2016,2,23,11,0,2,0.0,660,0.0,30.115052406719073
2016-02-23 12:00:00,2016,2,23,12,0,2,0.0,720,0.0,45.18674435341102
2016-02-23 13:00:00,2016,2,23,13,0,2,0.0,780,0.0,45.72507582924249
2016-02-23 14:00:00,2016,2,23,14,0,2,0.0,840,0.0,38.89269253852587
2016-02-23 15:00:00,2016,2,23,15,0,2,0.0,900,0.0,29.627456919123592
2016-02-23 16:00:00,2016,2,23,16,0,2,0.0,960,0.0,32.20124740958074
2016-02-23 17:00:00,2016,2,23,17,0,2,0.0,1020,0.0,29.649721837221836
2016-02-23 18:00:00,2016,2,23,18,0,2,0.0,1080,0.0,38.140575328075336
2016-02-23 19:00:00,2016,2,23,19,0,2,0.0,1140,0.0,57.967668280168276
2016-02-23 20:00:00,2016,2,23,20,0,2,0.0,1200,0.0,61.67738553155221
2016-02-23 21:00:00,2016,2,23,21,0,2,0.0,1260,0.0,62.212041066207725
2016-02-23 22:00:00,2016,2,23,22,0,2,0.0,1320,0.0,63.0389992889993
2016-02-23 23:00:00,2016,2,23,23,0,2,0.0,1380,0.0,65.85308064474732
2016-02-24 00:00:00,2016,2,24,0,0,3,0.0,0,0.0,66.7689984356651
2016-02-24 01:00:00,2016,2,24,1,0,3,0.0,60,0.0,61.789757102257106
2016-02-24 02:00:00,2016,2,24,2,0,3,0.0,120,0.0,57.480248313581654
2016-02-24 03:00:00,2016,2,24,3,0,3,0.0,180,0.0,58.81245527078861
2016-02-24 04:00:00,2016,2,24,4,0,3,0.0,240,0.0,61.754072379072376
2016-02-24 05:00:00,2016,2,24,5,0,3,0.0,300,0.0,49.241066428566434
2016-02-24 06:00:00,2016,2,24,6,0,3,0.0,360,0.0,29.474658224658224
2016-02-24 07:00:00,2016,2,24,7,0,3,0.0,420,0.0,25.52386375303043
2016-02-24 08:00:00,2016,2,24,8,0,3,0.0,480,0.0,20.471820471820475
2016-02-24 09:00:00,2016,2,24,9,0,3,0.0,540,0.0,27.08069176819177
2016-02-24 10:00:00,2016,2,24,10,0,3,0.0,600,0.0,28.033726158726164
2016-02-24 11:00:00,2016,2,24,11,0,3,0.0,660,0.0,40.63517230183897
2016-02-24 12:00:00,2016,2,24,12,0,3,0.0,720,0.0,41.77856875773543
2016-02-24 13:00:00,2016,2,24,13,0,3,0.0,780,0.0,41.84044152794153
2016-02-24 14:00:00,2016,2,24,14,0,3,0.0,840,0.0,35.861731486731486
2016-02-24 15:00:00,2016,2,24,15,0,3,0.0,900,0.0,41.50946067612734
2016-02-24 16:00:00,2016,2,24,16,0,3,0.0,960,0.0,36.520089020089024
2016-02-24 17:00:00,2016,2,24,17,0,3,0.0,1020,0.0,32.798636548636544
2016-02-24 18:00:00,2016,2,24,18,0,3,0.0,1080,0.0,37.797971339638
2016-02-24 19:00:00,2016,2,24,19,0,3,0.0,1140,0.0,57.14381693548359
2016-02-24 20:00:00,2016,2,24,20,0,3,0.0,1200,0.0,60.81702946286281
2016-02-24 21:00:00,2016,2,24,21,0,3,0.0,1260,0.0,61.98394573394574
2016-02-24 22:00:00,2016,2,24,22,0,3,0.0,1320,0.0,63.826747055913735
2016-02-24 23:00:00,2016,2,24,23,0,3,0.0,1380,0.0,66.11118319451654
2016-02-25 00:00:00,2016,2,25,0,0,4,0.0,0,0.0,66.53451757618426
2016-02-25 01:00:00,2016,2,25,1,0,4,0.0,60,0.0,61.50873213373214
2016-02-25 02:00:00,2016,2,25,2,0,4,0.0,120,0.0,60.23722690389358
2016-02-25 03:00:00,2016,2,25,3,0,4,0.0,180,0.0,60.37195453862122
2016-02-25 04:00:00,2016,2,25,4,0,4,0.0,240,0.0,60.01486688986688
2016-02-25 05:00:00,2016,2,25,5,0,4,0.0,300,0.0,49.31065816482484
2016-02-25 06:00:00,2016,2,25,6,0,4,0.0,360,0.0,29.823042531375872
2016-02-25 07:00:00,2016,2,25,7,0,4,0.0,420,0.0,24.769555602888943
2016-02-25 08:00:00,2016,2,25,8,0,4,0.0,480,0.0,18.661160327826998
2016-02-25 09:00:00,2016,2,25,9,0,4,0.0,540,0.0,21.20723901973902
2016-02-25 10:00:00,2016,2,25,10,0,4,0.0,600,0.0,22.813974793141465
2016-02-25 11:00:00,2016,2,25,11,0,4,0.0,660,0.0,25.064062043228706
2016-02-25 12:00:00,2016,2,25,12,0,4,0.0,720,0.0,33.776777630944295
2016-02-25 13:00:00,2016,2,25,13,0,4,0.0,780,0.0,43.62864362864362
2016-02-25 14:00:00,2016,2,25,14,0,4,0.0,840,0.0,34.516218995385664
2016-02-25 15:00:00,2016,2,25,15,0,4,0.0,900,0.0,26.19741890575224
2016-02-25 16:00:00,2016,2,25,16,0,4,0.0,960,0.0,25.5101001976002
2016-02-25 17:00:00,2016,2,25,17,0,4,0.0,1020,0.0,24.340812882479554
2016-02-25 18:00:00,2016,2,25,18,0,4,0.0,1080,0.0,28.819841215674554
2016-02-25 19:00:00,2016,2,25,19,0,4,0.0,1140,0.0,53.228616561949906
2016-02-25 20:00:00,2016,2,25,20,0,4,0.0,1200,0.0,45.42090042090043
2016-02-25 21:00:00,2016,2,25,21,0,4,0.0,1260,0.0,61.204642871309545
2016-02-25 22:00:00,2016,2,25,22,0,4,0.0,1320,0.0,62.44004712754713
2016-02-25 23:00:00,2016,2,25,23,0,4,0.0,1380,0.0,64.76631122464455
2016-02-26 00:00:00,2016,2,26,0,0,5,0.0,0,0.0,68.34550011633345
2016-02-26 01:00:00,2016,2,26,1,0,5,0.0,60,0.0,62.79509289925958
2016-02-26 02:00:00,2016,2,26,2,0,5,0.0,120,0.0,60.52005604088938
2016-02-26 03:00:00,2016,2,26,3,0,5,0.0,180,0.0,59.23997351080684
2016-02-26 04:00:00,2016,2,26,4,0,5,0.0,240,0.0,59.09512305345638
2016-02-26 05:00:00,2016,2,26,5,0,5,0.0,300,0.0,48.840396340396346
2016-02-26 06:00:00,2016,2,26,6,0,5,0.0,360,0.0,29.118171722338392
2016-02-26 07:00:00,2016,2,26,7,0,5,0.0,420,0.0,24.19568586235253
2016-02-26 08:00:00,2016,2,26,8,0,5,0.0,480,0.0,20.97814170730837
2016-02-26 09:00:00,2016,2,26,9,0,5,0.0,540,0.0,27.201980014480018
2016-02-26 10:00:00,2016,2,26,10,0,5,0.0,600,0.0,29.299469611969624
2016-02-26 11:00:00,2016,2,26,11,0,5,0.0,660,0.0,32.692310713144046
2016-02-26 12:00:00,2016,2,26,12,0,5,0.0,720,0.0,41.710934940101616
2016-02-26 13:00:00,2016,2,26,13,0,5,0.0,780,0.0,39.46254196254196
2016-02-26 14:00:00,2016,2,26,14,0,5,0.0,840,0.0,28.377384939884944
2016-02-26 15:00:00,2016,2,26,15,0,5,0.0,900,0.0,22.56922902756236
2016-02-26 16:00:00,2016,2,26,16,0,5,0.0,960,0.0,21.497926393759727
2016-02-26 17:00:00,2016,2,26,17,0,5,0.0,1020,0.0,23.238588759422097
2016-02-26 18:00:00,2016,2,26,18,0,5,0.0,1080,0.0,23.558881371381375
2016-02-26 19:00:00,2016,2,26,19,0,5,0.0,1140,0.0,41.558084370584375
2016-02-26 20:00:00,2016,2,26,20,0,5,0.0,1200,0.0,55.1622907872908
2016-02-26 21:00:00,2016,2,26,21,0,5,0.0,1260,0.0,55.793823606323606
2016-02-26 22:00:00,2016,2,26,22,0,5,0.0,1320,0.0,53.02990157156824
2016-02-26 23:00:00,2016,2,26,23,0,5,0.0,1380,0.0,62.39404312320978
2016-02-27 00:00:00,2016,2,27,0,0,6,0.0,0,0.0,65.28985518568852
2016-02-27 01:00:00,2016,2,27,1,0,6,0.0,60,0.0,63.31886373553041
2016-02-27 02:00:00,2016,2,27,2,0,6,0.0,120,0.0,61.01557216140549
2016-02-27 03:00:00,2016,2,27,3,0,6,0.0,180,0.0,62.28051238467905
2016-02-27 04:00:00,2016,2,27,4,0,6,0.0,240,0.0,63.64376478959812
2016-02-27 05:00:00,2016,2,27,5,0,6,0.0,300,0.0,65.27690475607142
2016-02-27 06:00:00,2016,2,27,6,0,6,0.0,360,0.0,61.19391765225098
2016-02-27 07:00:00,2016,2,27,7,0,6,0.0,420,0.0,59.371858955192295
2016-02-27 08:00:00,2016,2,27,8,0,6,0.0,480,0.0,52.34659265909266
2016-02-27 09:00:00,2016,2,27,9,0,6,0.0,540,0.0,44.21169796169796
2016-02-27 10:00:00,2016,2,27,10,0,6,0.0,600,0.0,30.674632237132244
2016-02-27 11:00:00,2016,2,27,11,0,6,0.0,660,0.0,18.84663634663635
2016-02-27 12:00:00,2016,2,27,12,0,6,0.0,720,0.0,18.40023517106851
2016-02-27 13:00:00,2016,2,27,13,0,6,0.0,780,0.0,18.854967396634063
2016-02-27 14:00:00,2016,2,27,14,0,6,0.0,840,0.0,37.79054612387946
2016-02-27 15:00:00,2016,2,27,15,0,6,0.0,900,0.0,53.507063819563825
2016-02-27 16:00:00,2016,2,27,16,0,6,0.0,960,0.0,54.008784008784026
2016-02-27 17:00:00,2016,2,27,17,0,6,0.0,1020,0.0,52.33805087971755
2016-02-27 18:00:00,2016,2,27,18,0,6,0.0,1080,0.0,50.53616251532918
2016-02-27 19:00:00,2016,2,27,19,0,6,0.0,1140,0.0,56.68475647642315
2016-02-27 20:00:00,2016,2,27,20,0,6,0.0,1200,0.0,61.96844061427394
2016-02-27 21:00:00,2016,2,27,21,0,6,0.0,1260,0.0,60.71628842462176
2016-02-27 22:00:00,2016,2,27,22,0,6,0.0,1320,0.0,61.493565972732654
2016-02-27 23:00:00,2016,2,27,23,0,6,0.0,1380,0.0,65.49468632801965
2016-02-28 00:00:00,2016,2,28,0,0,7,0.0,0,0.0,66.64893383643384
2016-02-28 01:00:00,2016,2,28,1,0,7,0.0,60,0.0,55.92929155429156
2016-02-28 02:00:00,2016,2,28,2,0,7,0.0,120,0.0,57.27862884112884
2016-02-28 03:00:00,2016,2,28,3,0,7,0.0,180,0.0,58.70819704153039
2016-02-28 04:00:00,2016,2,28,4,0,7,0.0,240,0.0,58.140893557560226
2016-02-28 05:00:00,2016,2,28,5,0,7,0.0,300,0.0,66.5165869332536
2016-02-28 06:00:00,2016,2,28,6,0,7,0.0,360,0.0,65.01704241287575
2016-02-28 07:00:00,2016,2,28,7,0,7,0.0,420,0.0,61.009096321596324
2016-02-28 08:00:00,2016,2,28,8,0,7,0.0,480,0.0,56.492021179521174
2016-02-28 09:00:00,2016,2,28,9,0,7,0.0,540,0.0,51.55972218472218
2016-02-28 10:00:00,2016,2,28,10,0,7,0.0,600,0.0,52.76765537182205
2016-02-28 11:00:00,2016,2,28,11,0,7,0.0,660,0.0,46.070332216165546
2016-02-28 12:00:00,2016,2,28,12,0,7,0.0,720,0.0,20.812924979591653
2016-02-28 13:00:00,2016,2,28,13,0,7,0.0,780,0.0,20.65491950908618
2016-02-28 14:00:00,2016,2,28,14,0,7,0.0,840,0.0,54.14524383274384
2016-02-28 15:00:00,2016,2,28,15,0,7,0.0,900,0.0,45.771388792222126
2016-02-28 16:00:00,2016,2,28,16,0,7,0.0,960,0.0,57.23570400653733
2016-02-28 17:00:00,2016,2,28,17,0,7,0.0,1020,0.0,60.233775233775226
2016-02-28 18:00:00,2016,2,28,18,0,7,0.0,1080,0.0,53.248888457221796
2016-02-28 19:00:00,2016,2,28,19,0,7,0.0,1140,0.0,51.801808468475144
2016-02-28 20:00:00,2016,2,28,20,0,7,0.0,1200,0.0,57.637350762350756
2016-02-28 21:00:00,2016,2,28,21,0,7,0.0,1260,0.0,59.24479393229393
2016-02-28 22:00:00,2016,2,28,22,0,7,0.0,1320,0.0,58.45354116187451
2016-02-28 23:00:00,2016,2,28,23,0,7,0.0,1380,0.0,63.606800898467576
2016-02-29 00:00:00,2016,2,29,0,0,1,0.0,0,0.0,63.16177399510733
2016-02-29 01:00:00,2016,2,29,1,0,1,0.0,60,0.0,57.812141457974796
2016-02-29 02:00:00,2016,2,29,2,0,1,0.0,120,0.0,59.109669422169425
2016-02-29 03:00:00,2016,2,29,3,0,1,0.0,180,0.0,58.647260938927616
2016-02-29 04:00:00,2016,2,29,4,0,1,0.0,240,0.0,60.22503657920325
2016-02-29 05:00:00,2016,2,29,5,0,1,0.0,300,0.0,50.945646362313035
2016-02-29 06:00:00,2016,2,29,6,0,1,0.0,360,0.0,30.19900405317072
2016-02-29 07:00:00,2016,2,29,7,0,1,0.0,420,0.0,23.8750209583543
2016-02-29 08:00:00,2016,2,29,8,0,1,0.0,480,0.0,18.86931366098033
2016-02-29 09:00:00,2016,2,29,9,0,1,0.0,540,0.0,21.82291442708109
2016-02-29 10:00:00,2016,2,29,10,0,1,0.0,600,0.0,25.95822970822971
2016-02-29 11:00:00,2016,2,29,11,0,1,0.0,660,0.0,37.709098646598655
2016-02-29 12:00:00,2016,2,29,12,0,1,0.0,720,0.0,46.1743042993043
2016-02-29 13:00:00,2016,2,29,13,0,1,0.0,780,0.0,46.04199416699418
2016-02-29 14:00:00,2016,2,29,14,0,1,0.0,840,0.0,41.18058909725577
2016-02-29 15:00:00,2016,2,29,15,0,1,0.0,900,0.0,45.07275601025602
2016-02-29 16:00:00,2016,2,29,16,0,1,0.0,960,0.0,45.320420528753864
2016-02-29 17:00:00,2016,2,29,17,0,1,0.0,1020,0.0,44.201139409472745
2016-02-29 18:00:00,2016,2,29,18,0,1,0.0,1080,0.0,52.54692713026048
2016-02-29 19:00:00,2016,2,29,19,0,1,0.0,1140,0.0,59.28647720314387
2016-02-29 20:00:00,2016,2,29,20,0,1,0.0,1200,0.0,61.605405980406
2016-02-29 21:00:00,2016,2,29,21,0,1,0.0,1260,0.0,62.44947088697089
2016-02-29 22:00:00,2016,2,29,22,0,1,0.0,1320,0.0,64.51541420291422
2016-02-29 23:00:00,2016,2,29,23,0,1,0.0,1380,0.0,64.48203812787146
