stamp,year,month,day,hour,minute,weekday,holiday,daylight,rain,volume
2017-06-01 00:00:00,2017,6,1,0,0,4,0.0,0.0,0.0,68.14999999999999
2017-06-01 00:30:00,2017,6,1,0,30,4,0.0,0.0,0.0,67.45
2017-06-01 01:00:00,2017,6,1,1,0,4,0.0,0.0,0.0,68.08333333333333
2017-06-01 01:30:00,2017,6,1,1,30,4,0.0,0.0,0.0,67.71666666666668
2017-06-01 02:00:00,2017,6,1,2,0,4,0.0,0.0,0.0,66.83333333333333
2017-06-01 02:30:00,2017,6,1,2,30,4,0.0,0.0,0.0,67.5
2017-06-01 03:00:00,2017,6,1,3,0,4,0.0,0.0,0.0,67.26666666666667
2017-06-01 03:30:00,2017,6,1,3,30,4,0.0,0.0,0.0,66.78333333333335
2017-06-01 04:00:00,2017,6,1,4,0,4,0.0,0.0,0.0,66.60000000000001
2017-06-01 04:30:00,2017,6,1,4,30,4,0.0,0.0,0.0,65.36666666666666
2017-06-01 05:00:00,2017,6,1,5,0,4,0.0,0.0,0.0,65.23333333333333
2017-06-01 05:30:00,2017,6,1,5,30,4,0.0,0.0,0.0,66.8
2017-06-01 06:00:00,2017,6,1,6,0,4,0.0,0.0,0.0,66.95
2017-06-01 06:30:00,2017,6,1,6,30,4,0.0,0.0,0.0,68.41666666666667
2017-06-01 07:00:00,2017,6,1,7,0,4,0.0,0.0,0.0,66.14999999999999
2017-06-01 07:30:00,2017,6,1,7,30,4,0.0,0.0,0.0,66.48333333333333
2017-06-01 08:00:00,2017,6,1,8,0,4,0.0,0.0,0.0,64.89999999999999
2017-06-01 08:30:00,2017,6,1,8,30,4,0.0,0.0,0.0,63.73333333333333
2017-06-01 09:00:00,2017,6,1,9,0,4,0.0,0.0,0.0,64.36666666666667
2017-06-01 09:30:00,2017,6,1,9,30,4,0.0,0.0,0.0,62.800000000000004
2017-06-01 10:00:00,2017,6,1,10,0,4,0.0,0.0,0.0,62.51666666666666
2017-06-01 10:30:00,2017,6,1,10,30,4,0.0,0.0,0.0,61.28333333333333
2017-06-01 11:00:00,2017,6,1,11,0,4,0.0,0.0,0.0,61.550000000000004
2017-06-01 11:30:00,2017,6,1,11,30,4,0.0,0.0,0.0,61.400000000000006
2017-06-01 12:00:00,2017,6,1,12,0,4,0.0,0.0,0.0,61.916666666666664
2017-06-01 12:30:00,2017,6,1,12,30,4,0.0,0.0,0.0,61.199999999999996
2017-06-01 13:00:00,2017,6,1,13,0,4,0.0,0.0,0.0,60.25
2017-06-01 13:30:00,2017,6,1,13,30,4,0.0,0.0,0.0,59.31666666666667
2017-06-01 14:00:00,2017,6,1,14,0,4,0.0,0.0,0.0,37.949999999999996
2017-06-01 14:30:00,2017,6,1,14,30,4,0.0,0.0,0.0,18.7
2017-06-01 15:00:00,2017,6,1,15,0,4,0.0,0.0,0.0,15.799999999999999
2017-06-01 15:30:00,2017,6,1,15,30,4,0.0,0.0,0.0,13.15
2017-06-01 16:00:00,2017,6,1,16,0,4,0.0,0.0,0.0,11.85
2017-06-01 16:30:00,2017,6,1,16,30,4,0.0,0.0,0.0,10.316666666666665
2017-06-01 17:00:00,2017,6,1,17,0,4,0.0,0.0,0.0,9.433333333333335
2017-06-01 17:30:00,2017,6,1,17,30,4,0.0,0.0,0.0,9.783333333333331
2017-06-01 18:00:00,2017,6,1,18,0,4,0.0,0.0,0.0,14.416666666666666
2017-06-01 18:30:00,2017,6,1,18,30,4,0.0,0.0,0.0,21.266666666666666
2017-06-01 19:00:00,2017,6,1,19,0,4,0.0,0.0,0.0,43.85
2017-06-01 19:30:00,2017,6,1,19,30,4,0.0,0.0,0.0,63.133333333333326
2017-06-01 20:00:00,2017,6,1,20,0,4,0.0,0.0,0.0,64.31666666666668
2017-06-01 20:30:00,2017,6,1,20,30,4,0.0,0.0,0.0,66.89999999999999
2017-06-01 21:00:00,2017,6,1,21,0,4,0.0,0.0,0.0,67.11666666666666
2017-06-01 21:30:00,2017,6,1,21,30,4,0.0,0.0,0.0,68.73333333333333
2017-06-01 22:00:00,2017,6,1,22,0,4,0.0,0.0,0.0,67.24999999999999
2017-06-01 22:30:00,2017,6,1,22,30,4,0.0,0.0,0.0,68.36666666666666
2017-06-01 23:00:00,2017,6,1,23,0,4,0.0,0.0,0.0,68.21666666666667
2017-06-01 23:30:00,2017,6,1,23,30,4,0.0,0.0,0.0,68.01666666666667
2017-06-02 00:00:00,2017,6,2,0,0,5,0.0,0.0,0.0,67.95
2017-06-02 00:30:00,2017,6,2,0,30,5,0.0,0.0,0.0,67.18333333333334
2017-06-02 01:00:00,2017,6,2,1,0,5,0.0,0.0,0.0,66.85000000000001
2017-06-02 01:30:00,2017,6,2,1,30,5,0.0,0.0,0.0,66.81666666666666
2017-06-02 02:00:00,2017,6,2,2,0,5,0.0,0.0,0.0,66.71666666666665
2017-06-02 02:30:00,2017,6,2,2,30,5,0.0,0.0,0.0,66.56666666666666
2017-06-02 03:00:00,2017,6,2,3,0,5,0.0,0.0,0.0,67.53333333333333
2017-06-02 03:30:00,2017,6,2,3,30,5,0.0,0.0,0.0,67.06666666666666
2017-06-02 04:00:00,2017,6,2,4,0,5,0.0,0.0,0.0,66.56666666666668
2017-06-02 04:30:00,2017,6,2,4,30,5,0.0,0.0,0.0,66.7
2017-06-02 05:00:00,2017,6,2,5,0,5,0.0,0.0,0.0,65.68333333333334
2017-06-02 05:30:00,2017,6,2,5,30,5,0.0,0.0,0.0,68.03333333333335
2017-06-02 06:00:00,2017,6,2,6,0,5,0.0,0.0,0.0,64.41666666666667
2017-06-02 06:30:00,2017,6,2,6,30,5,0.0,0.0,0.0,66.11666666666666
2017-06-02 07:00:00,2017,6,2,7,0,5,0.0,0.0,0.0,66.45
2017-06-02 07:30:00,2017,6,2,7,30,5,0.0,0.0,0.0,65.60000000000001
2017-06-02 08:00:00,2017,6,2,8,0,5,0.0,0.0,0.0,63.28333333333333
2017-06-02 08:30:00,2017,6,2,8,30,5,0.0,0.0,0.0,51.333333333333336
2017-06-02 09:00:00,2017,6,2,9,0,5,0.0,0.0,0.0,38.41666666666667
2017-06-02 09:30:00,2017,6,2,9,30,5,0.0,0.0,0.0,59.666666666666664
2017-06-02 10:00:00,2017,6,2,10,0,5,0.0,0.0,0.0,61.449999999999996
2017-06-02 10:30:00,2017,6,2,10,30,5,0.0,0.0,0.0,62.333333333333336
2017-06-02 11:00:00,2017,6,2,11,0,5,0.0,0.0,0.0,60.866666666666674
2017-06-02 11:30:00,2017,6,2,11,30,5,0.0,0.0,0.0,61.31666666666667
2017-06-02 12:00:00,2017,6,2,12,0,5,0.0,0.0,0.0,60.666666666666664
2017-06-02 12:30:00,2017,6,2,12,30,5,0.0,0.0,0.0,57.96666666666667
2017-06-02 13:00:00,2017,6,2,13,0,5,0.0,0.0,0.0,57.21666666666667
2017-06-02 13:30:00,2017,6,2,13,30,5,0.0,0.0,0.0,48.21666666666667
2017-06-02 14:00:00,2017,6,2,14,0,5,0.0,0.0,0.0,22.150000000000002
2017-06-02 14:30:00,2017,6,2,14,30,5,0.0,0.0,0.0,14.100000000000001
2017-06-02 15:00:00,2017,6,2,15,0,5,0.0,0.0,0.0,11.116666666666667
2017-06-02 15:30:00,2017,6,2,15,30,5,0.0,0.0,0.0,10.633333333333335
2017-06-02 16:00:00,2017,6,2,16,0,5,0.0,0.0,0.0,12.633333333333333
2017-06-02 16:30:00,2017,6,2,16,30,5,0.0,0.0,0.0,13.133333333333335
2017-06-02 17:00:00,2017,6,2,17,0,5,0.0,0.0,0.0,11.700000000000001
2017-06-02 17:30:00,2017,6,2,17,30,5,0.0,0.0,0.0,13.25
2017-06-02 18:00:00,2017,6,2,18,0,5,0.0,0.0,0.0,15.700000000000001
2017-06-02 18:30:00,2017,6,2,18,30,5,0.0,0.0,0.0,34.86666666666667
2017-06-02 19:00:00,2017,6,2,19,0,5,0.0,0.0,0.0,60.56666666666666
2017-06-02 19:30:00,2017,6,2,19,30,5,0.0,0.0,0.0,65.56666666666666
2017-06-02 20:00:00,2017,6,2,20,0,5,0.0,0.0,0.0,65.8
2017-06-02 20:30:00,2017,6,2,20,30,5,0.0,0.0,0.0,66.61666666666667
2017-06-02 21:00:00,2017,6,2,21,0,5,0.0,0.0,0.0,66.68333333333332
2017-06-02 21:30:00,2017,6,2,21,30,5,0.0,0.0,0.0,66.86666666666667
2017-06-02 22:00:00,2017,6,2,22,0,5,0.0,0.0,0.0,66.43333333333334
2017-06-02 22:30:00,2017,6,2,22,30,5,0.0,0.0,0.0,68.16666666666667
2017-06-02 23:00:00,2017,6,2,23,0,5,0.0,0.0,0.0,67.25000000000001
2017-06-02 23:30:00,2017,6,2,23,30,5,0.0,0.0,0.0,66.5
2017-06-03 00:00:00,2017,6,3,0,0,6,0.0,0.0,0.0,66.55000000000001
2017-06-03 00:30:00,2017,6,3,0,30,6,0.0,0.0,0.0,66.76666666666667
2017-06-03 01:00:00,2017,6,3,1,0,6,0.0,0.0,0.0,67.06666666666668
2017-06-03 01:30:00,2017,6,3,1,30,6,0.0,0.0,0.0,67.36666666666667
2017-06-03 02:00:00,2017,6,3,2,0,6,0.0,0.0,0.0,67.58333333333333
2017-06-03 02:30:00,2017,6,3,2,30,6,0.0,0.0,0.0,67.45
2017-06-03 03:00:00,2017,6,3,3,0,6,0.0,0.0,0.0,66.86666666666666
2017-06-03 03:30:00,2017,6,3,3,30,6,0.0,0.0,0.0,66.18333333333334
2017-06-03 04:00:00,2017,6,3,4,0,6,0.0,0.0,0.0,67.13333333333333
2017-06-03 04:30:00,2017,6,3,4,30,6,0.0,0.0,0.0,66.83333333333333
2017-06-03 05:00:00,2017,6,3,5,0,6,0.0,0.0,0.0,67.11666666666666
2017-06-03 05:30:00,2017,6,3,5,30,6,0.0,0.0,0.0,65.43333333333332
2017-06-03 06:00:00,2017,6,3,6,0,6,0.0,0.0,0.0,67.25
2017-06-03 06:30:00,2017,6,3,6,30,6,0.0,0.0,0.0,66.16666666666666
2017-06-03 07:00:00,2017,6,3,7,0,6,0.0,0.0,0.0,67.13333333333334
2017-06-03 07:30:00,2017,6,3,7,30,6,0.0,0.0,0.0,67.63333333333333
2017-06-03 08:00:00,2017,6,3,8,0,6,0.0,0.0,0.0,66.36666666666666
2017-06-03 08:30:00,2017,6,3,8,30,6,0.0,0.0,0.0,65.98333333333333
2017-06-03 09:00:00,2017,6,3,9,0,6,0.0,0.0,0.0,66.28333333333335
2017-06-03 09:30:00,2017,6,3,9,30,6,0.0,0.0,0.0,66.01666666666667
2017-06-03 10:00:00,2017,6,3,10,0,6,0.0,0.0,0.0,64.81666666666666
2017-06-03 10:30:00,2017,6,3,10,30,6,0.0,0.0,0.0,64.68333333333334
2017-06-03 11:00:00,2017,6,3,11,0,6,0.0,0.0,0.0,64.21666666666667
2017-06-03 11:30:00,2017,6,3,11,30,6,0.0,0.0,0.0,63.75
2017-06-03 12:00:00,2017,6,3,12,0,6,0.0,0.0,0.0,64.23333333333333
2017-06-03 12:30:00,2017,6,3,12,30,6,0.0,0.0,0.0,64.08333333333333
2017-06-03 13:00:00,2017,6,3,13,0,6,0.0,0.0,0.0,63.050000000000004
2017-06-03 13:30:00,2017,6,3,13,30,6,0.0,0.0,0.0,63.23333333333334
2017-06-03 14:00:00,2017,6,3,14,0,6,0.0,0.0,0.0,62.38333333333333
2017-06-03 14:30:00,2017,6,3,14,30,6,0.0,0.0,0.0,62.11666666666667
2017-06-03 15:00:00,2017,6,3,15,0,6,0.0,0.0,0.0,63.15
2017-06-03 15:30:00,2017,6,3,15,30,6,0.0,0.0,0.0,62.56666666666666
2017-06-03 16:00:00,2017,6,3,16,0,6,0.0,0.0,0.0,62.85
2017-06-03 16:30:00,2017,6,3,16,30,6,0.0,0.0,0.0,62.88333333333335
2017-06-03 17:00:00,2017,6,3,17,0,6,0.0,0.0,0.0,64.21666666666667
2017-06-03 17:30:00,2017,6,3,17,30,6,0.0,0.0,0.0,63.650000000000006
2017-06-03 18:00:00,2017,6,3,18,0,6,0.0,0.0,0.0,64.18333333333334
2017-06-03 18:30:00,2017,6,3,18,30,6,0.0,0.0,0.0,64.83333333333334
2017-06-03 19:00:00,2017,6,3,19,0,6,0.0,0.0,0.0,65.58333333333333
2017-06-03 19:30:00,2017,6,3,19,30,6,0.0,0.0,0.0,66.05
2017-06-03 20:00:00,2017,6,3,20,0,6,0.0,0.0,0.0,67.74999999999999
2017-06-03 20:30:00,2017,6,3,20,30,6,0.0,0.0,0.0,65.88333333333334
2017-06-03 21:00:00,2017,6,3,21,0,6,0.0,0.0,0.0,65.96666666666665
2017-06-03 21:30:00,2017,6,3,21,30,6,0.0,0.0,0.0,66.43333333333334
2017-06-03 22:00:00,2017,6,3,22,0,6,0.0,0.0,0.0,66.21666666666668
2017-06-03 22:30:00,2017,6,3,22,30,6,0.0,0.0,0.0,67.98333333333333
2017-06-03 23:00:00,2017,6,3,23,0,6,0.0,0.0,0.0,66.93333333333334
2017-06-03 23:30:00,2017,6,3,23,30,6,0.0,0.0,0.0,67.11666666666666
2017-06-04 00:00:00,2017,6,4,0,0,7,0.0,0.0,0.0,66.5
2017-06-04 00:30:00,2017,6,4,0,30,7,0.0,0.0,0.0,66.26666666666667
2017-06-04 01:00:00,2017,6,4,1,0,7,0.0,0.0,0.0,67.21666666666665
2017-06-04 01:30:00,2017,6,4,1,30,7,0.0,0.0,0.0,68.18333333333334
2017-06-04 02:00:00,2017,6,4,2,0,7,0.0,0.0,0.0,67.8
2017-06-04 02:30:00,2017,6,4,2,30,7,0.0,0.0,0.0,67.58333333333334
2017-06-04 03:00:00,2017,6,4,3,0,7,0.0,0.0,0.0,67.78333333333332
2017-06-04 03:30:00,2017,6,4,3,30,7,0.0,0.0,0.0,67.35
2017-06-04 04:00:00,2017,6,4,4,0,7,0.0,0.0,0.0,67.41666666666667
2017-06-04 04:30:00,2017,6,4,4,30,7,0.0,0.0,0.0,67.7
2017-06-04 05:00:00,2017,6,4,5,0,7,0.0,0.0,0.0,67.11666666666666
2017-06-04 05:30:00,2017,6,4,5,30,7,0.0,0.0,0.0,66.5
2017-06-04 06:00:00,2017,6,4,6,0,7,0.0,0.0,0.0,66.83333333333333
2017-06-04 06:30:00,2017,6,4,6,30,7,0.0,0.0,0.0,67.3
2017-06-04 07:00:00,2017,6,4,7,0,7,0.0,0.0,0.0,67.45
2017-06-04 07:30:00,2017,6,4,7,30,7,0.0,0.0,0.0,68.26666666666667
2017-06-04 08:00:00,2017,6,4,8,0,7,0.0,0.0,0.0,67.83333333333333
2017-06-04 08:30:00,2017,6,4,8,30,7,0.0,0.0,0.0,67.21666666666667
2017-06-04 09:00:00,2017,6,4,9,0,7,0.0,0.0,0.0,66.45
2017-06-04 09:30:00,2017,6,4,9,30,7,0.0,0.0,0.0,65.71666666666667
2017-06-04 10:00:00,2017,6,4,10,0,7,0.0,0.0,0.0,65.33333333333333
2017-06-04 10:30:00,2017,6,4,10,30,7,0.0,0.0,0.0,64.88333333333334
2017-06-04 11:00:00,2017,6,4,11,0,7,0.0,0.0,0.0,63.98333333333333
2017-06-04 11:30:00,2017,6,4,11,30,7,0.0,0.0,0.0,62.48333333333333
2017-06-04 12:00:00,2017,6,4,12,0,7,0.0,0.0,0.0,63.38333333333333
2017-06-04 12:30:00,2017,6,4,12,30,7,0.0,0.0,0.0,63.31666666666666
2017-06-04 13:00:00,2017,6,4,13,0,7,0.0,0.0,0.0,62.916666666666664
2017-06-04 13:30:00,2017,6,4,13,30,7,0.0,0.0,0.0,61.916666666666664
2017-06-04 14:00:00,2017,6,4,14,0,7,0.0,0.0,0.0,61.699999999999996
2017-06-04 14:30:00,2017,6,4,14,30,7,0.0,0.0,0.0,62.4
2017-06-04 15:00:00,2017,6,4,15,0,7,0.0,0.0,0.0,62.61666666666667
2017-06-04 15:30:00,2017,6,4,15,30,7,0.0,0.0,0.0,62.03333333333333
2017-06-04 16:00:00,2017,6,4,16,0,7,0.0,0.0,0.0,62.43333333333333
2017-06-04 16:30:00,2017,6,4,16,30,7,0.0,0.0,0.0,62.61666666666667
2017-06-04 17:00:00,2017,6,4,17,0,7,0.0,0.0,0.0,63.00000000000001
2017-06-04 17:30:00,2017,6,4,17,30,7,0.0,0.0,0.0,62.616666666666674
2017-06-04 18:00:00,2017,6,4,18,0,7,0.0,0.0,0.0,64.38333333333334
2017-06-04 18:30:00,2017,6,4,18,30,7,0.0,0.0,0.0,65.51666666666667
2017-06-04 19:00:00,2017,6,4,19,0,7,0.0,0.0,0.0,65.53333333333332
2017-06-04 19:30:00,2017,6,4,19,30,7,0.0,0.0,0.0,64.85
2017-06-04 20:00:00,2017,6,4,20,0,7,0.0,0.0,0.0,64.38333333333334
2017-06-04 20:30:00,2017,6,4,20,30,7,0.0,0.0,0.0,64.83333333333333
2017-06-04 21:00:00,2017,6,4,21,0,7,0.0,0.0,0.0,65.76666666666667
2017-06-04 21:30:00,2017,6,4,21,30,7,0.0,0.0,0.0,66.5
2017-06-04 22:00:00,2017,6,4,22,0,7,0.0,0.0,0.0,66.58333333333333
2017-06-04 22:30:00,2017,6,4,22,30,7,0.0,0.0,0.0,69.14999999999999
2017-06-04 23:00:00,2017,6,4,23,0,7,0.0,0.0,0.0,68.46666666666667
2017-06-04 23:30:00,2017,6,4,23,30,7,0.0,0.0,0.0,67.16666666666667
2017-06-05 00:00:00,2017,6,5,0,0,1,0.0,0.0,0.0,67.10000000000001
2017-06-05 00:30:00,2017,6,5,0,30,1,0.0,0.0,0.0,66.91666666666667
2017-06-05 01:00:00,2017,6,5,1,0,1,0.0,0.0,0.0,67.14999999999999
2017-06-05 01:30:00,2017,6,5,1,30,1,0.0,0.0,0.0,67.35000000000001
2017-06-05 02:00:00,2017,6,5,2,0,1,0.0,0.0,0.0,67.83333333333333
2017-06-05 02:30:00,2017,6,5,2,30,1,0.0,0.0,0.0,67.66666666666667
2017-06-05 03:00:00,2017,6,5,3,0,1,0.0,0.0,0.0,67.06666666666668
2017-06-05 03:30:00,2017,6,5,3,30,1,0.0,0.0,0.0,65.83333333333333
2017-06-05 04:00:00,2017,6,5,4,0,1,0.0,0.0,0.0,66.14999999999999
2017-06-05 04:30:00,2017,6,5,4,30,1,0.0,0.0,0.0,66.06666666666666
2017-06-05 05:00:00,2017,6,5,5,0,1,0.0,0.0,0.0,65.55
2017-06-05 05:30:00,2017,6,5,5,30,1,0.0,0.0,0.0,67.94999999999999
2017-06-05 06:00:00,2017,6,5,6,0,1,0.0,0.0,0.0,64.98333333333333
2017-06-05 06:30:00,2017,6,5,6,30,1,0.0,0.0,0.0,66.41666666666667
2017-06-05 07:00:00,2017,6,5,7,0,1,0.0,0.0,0.0,65.35000000000001
2017-06-05 07:30:00,2017,6,5,7,30,1,0.0,0.0,0.0,64.45
2017-06-05 08:00:00,2017,6,5,8,0,1,0.0,0.0,0.0,64.26666666666667
2017-06-05 08:30:00,2017,6,5,8,30,1,0.0,0.0,0.0,62.11666666666667
2017-06-05 09:00:00,2017,6,5,9,0,1,0.0,0.0,0.0,62.96666666666666
2017-06-05 09:30:00,2017,6,5,9,30,1,0.0,0.0,0.0,61.38333333333333
2017-06-05 10:00:00,2017,6,5,10,0,1,0.0,0.0,0.0,59.93333333333334
2017-06-05 10:30:00,2017,6,5,10,30,1,0.0,0.0,0.0,59.31666666666666
2017-06-05 11:00:00,2017,6,5,11,0,1,0.0,0.0,0.0,58.800000000000004
2017-06-05 11:30:00,2017,6,5,11,30,1,0.0,0.0,0.0,58.36666666666667
2017-06-05 12:00:00,2017,6,5,12,0,1,0.0,0.0,0.0,58.56666666666666
2017-06-05 12:30:00,2017,6,5,12,30,1,0.0,0.0,0.0,58.800000000000004
2017-06-05 13:00:00,2017,6,5,13,0,1,0.0,0.0,0.0,57.083333333333336
2017-06-05 13:30:00,2017,6,5,13,30,1,0.0,0.0,0.0,55.949999999999996
2017-06-05 14:00:00,2017,6,5,14,0,1,0.0,0.0,0.0,42.35
2017-06-05 14:30:00,2017,6,5,14,30,1,0.0,0.0,0.0,19.766666666666666
2017-06-05 15:00:00,2017,6,5,15,0,1,0.0,0.0,0.0,18.200000000000003
2017-06-05 15:30:00,2017,6,5,15,30,1,0.0,0.0,0.0,17.083333333333332
2017-06-05 16:00:00,2017,6,5,16,0,1,0.0,0.0,0.0,12.366666666666667
2017-06-05 16:30:00,2017,6,5,16,30,1,0.0,0.0,0.0,12.966666666666667
2017-06-05 17:00:00,2017,6,5,17,0,1,0.0,0.0,0.0,12.983333333333333
2017-06-05 17:30:00,2017,6,5,17,30,1,0.0,0.0,0.0,13.366666666666667
2017-06-05 18:00:00,2017,6,5,18,0,1,0.0,0.0,0.0,15.299999999999997
2017-06-05 18:30:00,2017,6,5,18,30,1,0.0,0.0,0.0,26.8
2017-06-05 19:00:00,2017,6,5,19,0,1,0.0,0.0,0.0,55.36666666666667
2017-06-05 19:30:00,2017,6,5,19,30,1,0.0,0.0,0.0,57.400000000000006
2017-06-05 20:00:00,2017,6,5,20,0,1,0.0,0.0,0.0,65.16666666666666
2017-06-05 20:30:00,2017,6,5,20,30,1,0.0,0.0,0.0,66.36666666666666
2017-06-05 21:00:00,2017,6,5,21,0,1,0.0,0.0,0.0,66.05
2017-06-05 21:30:00,2017,6,5,21,30,1,0.0,0.0,0.0,66.26666666666667
2017-06-05 22:00:00,2017,6,5,22,0,1,0.0,0.0,0.0,66.75000000000001
2017-06-05 22:30:00,2017,6,5,22,30,1,0.0,0.0,0.0,66.96666666666667
2017-06-05 23:00:00,2017,6,5,23,0,1,0.0,0.0,0.0,67.26666666666667
2017-06-05 23:30:00,2017,6,5,23,30,1,0.0,0.0,0.0,68.31666666666668
2017-06-06 00:00:00,2017,6,6,0,0,2,0.0,0.0,0.0,68.45
2017-06-06 00:30:00,2017,6,6,0,30,2,0.0,0.0,0.0,67.78333333333335
2017-06-06 01:00:00,2017,6,6,1,0,2,0.0,0.0,0.0,66.35
2017-06-06 01:30:00,2017,6,6,1,30,2,0.0,0.0,0.0,66.19999999999999
2017-06-06 02:00:00,2017,6,6,2,0,2,0.0,0.0,0.0,67.09999999999998
2017-06-06 02:30:00,2017,6,6,2,30,2,0.0,0.0,0.0,67.7
2017-06-06 03:00:00,2017,6,6,3,0,2,0.0,0.0,0.0,67.63333333333333
2017-06-06 03:30:00,2017,6,6,3,30,2,0.0,0.0,0.0,64.16666666666667
2017-06-06 04:00:00,2017,6,6,4,0,2,0.0,0.0,0.0,66.38333333333333
2017-06-06 04:30:00,2017,6,6,4,30,2,0.0,0.0,0.0,67.58333333333333
2017-06-06 05:00:00,2017,6,6,5,0,2,0.0,0.0,0.0,66.45
2017-06-06 05:30:00,2017,6,6,5,30,2,0.0,0.0,0.0,68.45
2017-06-06 06:00:00,2017,6,6,6,0,2,0.0,0.0,0.0,65.81666666666668
2017-06-06 06:30:00,2017,6,6,6,30,2,0.0,0.0,0.0,67.33333333333333
2017-06-06 07:00:00,2017,6,6,7,0,2,0.0,0.0,0.0,67.13333333333333
2017-06-06 07:30:00,2017,6,6,7,30,2,0.0,0.0,0.0,65.98333333333333
2017-06-06 08:00:00,2017,6,6,8,0,2,0.0,0.0,0.0,65.06666666666666
2017-06-06 08:30:00,2017,6,6,8,30,2,0.0,0.0,0.0,64.03333333333332
2017-06-06 09:00:00,2017,6,6,9,0,2,0.0,0.0,0.0,63.31666666666666
2017-06-06 09:30:00,2017,6,6,9,30,2,0.0,0.0,0.0,63.1
2017-06-06 10:00:00,2017,6,6,10,0,2,0.0,0.0,0.0,62.36666666666667
2017-06-06 10:30:00,2017,6,6,10,30,2,0.0,0.0,0.0,62.5
2017-06-06 11:00:00,2017,6,6,11,0,2,0.0,0.0,0.0,61.03333333333334
2017-06-06 11:30:00,2017,6,6,11,30,2,0.0,0.0,0.0,61.03333333333333
2017-06-06 12:00:00,2017,6,6,12,0,2,0.0,0.0,0.0,60.21666666666667
2017-06-06 12:30:00,2017,6,6,12,30,2,0.0,0.0,0.0,60.46666666666667
2017-06-06 13:00:00,2017,6,6,13,0,2,0.0,0.0,0.0,58.416666666666664
2017-06-06 13:30:00,2017,6,6,13,30,2,0.0,0.0,0.0,58.650000000000006
2017-06-06 14:00:00,2017,6,6,14,0,2,0.0,0.0,0.0,42.36666666666667
2017-06-06 14:30:00,2017,6,6,14,30,2,0.0,0.0,0.0,19.866666666666667
2017-06-06 15:00:00,2017,6,6,15,0,2,0.0,0.0,0.0,14.450000000000001
2017-06-06 15:30:00,2017,6,6,15,30,2,0.0,0.0,0.0,12.283333333333331
2017-06-06 16:00:00,2017,6,6,16,0,2,0.0,0.0,0.0,12.533333333333331
2017-06-06 16:30:00,2017,6,6,16,30,2,0.0,0.0,0.0,11.866666666666667
2017-06-06 17:00:00,2017,6,6,17,0,2,0.0,0.0,0.0,11.283333333333333
2017-06-06 17:30:00,2017,6,6,17,30,2,0.0,0.0,0.0,11.783333333333333
2017-06-06 18:00:00,2017,6,6,18,0,2,0.0,0.0,0.0,12.966666666666667
2017-06-06 18:30:00,2017,6,6,18,30,2,0.0,0.0,0.0,16.05
2017-06-06 19:00:00,2017,6,6,19,0,2,0.0,0.0,0.0,28.349999999999998
2017-06-06 19:30:00,2017,6,6,19,30,2,0.0,0.0,0.0,32.01666666666667
2017-06-06 20:00:00,2017,6,6,20,0,2,0.0,0.0,0.0,52.416666666666664
2017-06-06 20:30:00,2017,6,6,20,30,2,0.0,0.0,0.0,66.0
2017-06-06 21:00:00,2017,6,6,21,0,2,0.0,0.0,0.0,66.46666666666667
2017-06-06 21:30:00,2017,6,6,21,30,2,0.0,0.0,0.0,67.31666666666666
2017-06-06 22:00:00,2017,6,6,22,0,2,0.0,0.0,0.0,67.58333333333333
2017-06-06 22:30:00,2017,6,6,22,30,2,0.0,0.0,0.0,68.41666666666667
2017-06-06 23:00:00,2017,6,6,23,0,2,0.0,0.0,0.0,68.39999999999999
2017-06-06 23:30:00,2017,6,6,23,30,2,0.0,0.0,0.0,68.66666666666667
2017-06-07 00:00:00,2017,6,7,0,0,3,0.0,0.0,0.0,67.63333333333334
2017-06-07 00:30:00,2017,6,7,0,30,3,0.0,0.0,0.0,66.15
2017-06-07 01:00:00,2017,6,7,1,0,3,0.0,0.0,0.0,67.28333333333333
2017-06-07 01:30:00,2017,6,7,1,30,3,0.0,0.0,0.0,67.11666666666666
2017-06-07 02:00:00,2017,6,7,2,0,3,0.0,0.0,0.0,66.81666666666668
2017-06-07 02:30:00,2017,6,7,2,30,3,0.0,0.0,0.0,66.91666666666667
2017-06-07 03:00:00,2017,6,7,3,0,3,0.0,0.0,0.0,67.03333333333332
2017-06-07 03:30:00,2017,6,7,3,30,3,0.0,0.0,0.0,65.71666666666665
2017-06-07 04:00:00,2017,6,7,4,0,3,0.0,0.0,0.0,66.36666666666667
2017-06-07 04:30:00,2017,6,7,4,30,3,0.0,0.0,0.0,68.0
2017-06-07 05:00:00,2017,6,7,5,0,3,0.0,0.0,0.0,65.96666666666667
2017-06-07 05:30:00,2017,6,7,5,30,3,0.0,0.0,0.0,66.76666666666667
2017-06-07 06:00:00,2017,6,7,6,0,3,0.0,0.0,0.0,67.16666666666667
2017-06-07 06:30:00,2017,6,7,6,30,3,0.0,0.0,0.0,66.36666666666667
2017-06-07 07:00:00,2017,6,7,7,0,3,0.0,0.0,0.0,67.03333333333333
2017-06-07 07:30:00,2017,6,7,7,30,3,0.0,0.0,0.0,66.18333333333334
2017-06-07 08:00:00,2017,6,7,8,0,3,0.0,0.0,0.0,65.06666666666666
2017-06-07 08:30:00,2017,6,7,8,30,3,0.0,0.0,0.0,64.3
2017-06-07 09:00:00,2017,6,7,9,0,3,0.0,0.0,0.0,63.93333333333334
2017-06-07 09:30:00,2017,6,7,9,30,3,0.0,0.0,0.0,63.11666666666665
2017-06-07 10:00:00,2017,6,7,10,0,3,0.0,0.0,0.0,62.699999999999996
2017-06-07 10:30:00,2017,6,7,10,30,3,0.0,0.0,0.0,61.166666666666664
2017-06-07 11:00:00,2017,6,7,11,0,3,0.0,0.0,0.0,61.63333333333333
2017-06-07 11:30:00,2017,6,7,11,30,3,0.0,0.0,0.0,62.25
2017-06-07 12:00:00,2017,6,7,12,0,3,0.0,0.0,0.0,62.050000000000004
2017-06-07 12:30:00,2017,6,7,12,30,3,0.0,0.0,0.0,61.199999999999996
2017-06-07 13:00:00,2017,6,7,13,0,3,0.0,0.0,0.0,59.699999999999996
2017-06-07 13:30:00,2017,6,7,13,30,3,0.0,0.0,0.0,59.93333333333333
2017-06-07 14:00:00,2017,6,7,14,0,3,0.0,0.0,0.0,34.333333333333336
2017-06-07 14:30:00,2017,6,7,14,30,3,0.0,0.0,0.0,19.816666666666666
2017-06-07 15:00:00,2017,6,7,15,0,3,0.0,0.0,0.0,14.999999999999998
2017-06-07 15:30:00,2017,6,7,15,30,3,0.0,0.0,0.0,12.183333333333332
2017-06-07 16:00:00,2017,6,7,16,0,3,0.0,0.0,0.0,11.816666666666668
2017-06-07 16:30:00,2017,6,7,16,30,3,0.0,0.0,0.0,10.766666666666666
2017-06-07 17:00:00,2017,6,7,17,0,3,0.0,0.0,0.0,10.700000000000001
2017-06-07 17:30:00,2017,6,7,17,30,3,0.0,0.0,0.0,11.183333333333332
2017-06-07 18:00:00,2017,6,7,18,0,3,0.0,0.0,0.0,10.200000000000001
2017-06-07 18:30:00,2017,6,7,18,30,3,0.0,0.0,0.0,11.033333333333333
2017-06-07 19:00:00,2017,6,7,19,0,3,0.0,0.0,0.0,14.666666666666666
2017-06-07 19:30:00,2017,6,7,19,30,3,0.0,0.0,0.0,24.366666666666664
2017-06-07 20:00:00,2017,6,7,20,0,3,0.0,0.0,0.0,62.9
2017-06-07 20:30:00,2017,6,7,20,30,3,0.0,0.0,0.0,67.0
2017-06-07 21:00:00,2017,6,7,21,0,3,0.0,0.0,0.0,65.28333333333333
2017-06-07 21:30:00,2017,6,7,21,30,3,0.0,0.0,0.0,68.03333333333333
2017-06-07 22:00:00,2017,6,7,22,0,3,0.0,0.0,0.0,67.60000000000001
2017-06-07 22:30:00,2017,6,7,22,30,3,0.0,0.0,0.0,69.26666666666665
2017-06-07 23:00:00,2017,6,7,23,0,3,0.0,0.0,0.0,68.58333333333334
2017-06-07 23:30:00,2017,6,7,23,30,3,0.0,0.0,0.0,68.85
2017-06-08 00:00:00,2017,6,8,0,0,4,0.0,0.0,0.0,68.58333333333333
2017-06-08 00:30:00,2017,6,8,0,30,4,0.0,0.0,0.0,68.13333333333334
2017-06-08 01:00:00,2017,6,8,1,0,4,0.0,0.0,0.0,67.63333333333334
2017-06-08 01:30:00,2017,6,8,1,30,4,0.0,0.0,0.0,66.8
2017-06-08 02:00:00,2017,6,8,2,0,4,0.0,0.0,0.0,68.05
2017-06-08 02:30:00,2017,6,8,2,30,4,0.0,0.0,0.0,67.58333333333333
2017-06-08 03:00:00,2017,6,8,3,0,4,0.0,0.0,0.0,66.78333333333332
2017-06-08 03:30:00,2017,6,8,3,30,4,0.0,0.0,0.0,66.03333333333332
2017-06-08 04:00:00,2017,6,8,4,0,4,0.0,0.0,0.0,65.60000000000001
2017-06-08 04:30:00,2017,6,8,4,30,4,0.0,0.0,0.0,66.46666666666667
2017-06-08 05:00:00,2017,6,8,5,0,4,0.0,0.0,0.0,66.36666666666666
2017-06-08 05:30:00,2017,6,8,5,30,4,0.0,0.0,0.0,67.23333333333333
2017-06-08 06:00:00,2017,6,8,6,0,4,0.0,0.0,0.0,66.78333333333335
2017-06-08 06:30:00,2017,6,8,6,30,4,0.0,0.0,0.0,66.10000000000001
2017-06-08 07:00:00,2017,6,8,7,0,4,0.0,0.0,0.0,65.3
2017-06-08 07:30:00,2017,6,8,7,30,4,0.0,0.0,0.0,63.5
2017-06-08 08:00:00,2017,6,8,8,0,4,0.0,0.0,0.0,62.71666666666666
2017-06-08 08:30:00,2017,6,8,8,30,4,0.0,0.0,0.0,61.61666666666667
2017-06-08 09:00:00,2017,6,8,9,0,4,0.0,0.0,0.0,62.65
2017-06-08 09:30:00,2017,6,8,9,30,4,0.0,0.0,0.0,61.900000000000006
2017-06-08 10:00:00,2017,6,8,10,0,4,0.0,0.0,0.0,61.31666666666667
2017-06-08 10:30:00,2017,6,8,10,30,4,0.0,0.0,0.0,61.91666666666668
2017-06-08 11:00:00,2017,6,8,11,0,4,0.0,0.0,0.0,62.166666666666664
2017-06-08 11:30:00,2017,6,8,11,30,4,0.0,0.0,0.0,61.29999999999999
2017-06-08 12:00:00,2017,6,8,12,0,4,0.0,0.0,0.0,62.13333333333333
2017-06-08 12:30:00,2017,6,8,12,30,4,0.0,0.0,0.0,62.06666666666666
2017-06-08 13:00:00,2017,6,8,13,0,4,0.0,0.0,0.0,60.26666666666666
2017-06-08 13:30:00,2017,6,8,13,30,4,0.0,0.0,0.0,55.51666666666667
2017-06-08 14:00:00,2017,6,8,14,0,4,0.0,0.0,0.0,34.300000000000004
2017-06-08 14:30:00,2017,6,8,14,30,4,0.0,0.0,0.0,16.3
2017-06-08 15:00:00,2017,6,8,15,0,4,0.0,0.0,0.0,13.949999999999998
2017-06-08 15:30:00,2017,6,8,15,30,4,0.0,0.0,0.0,11.416666666666666
2017-06-08 16:00:00,2017,6,8,16,0,4,0.0,0.0,0.0,11.950000000000001
2017-06-08 16:30:00,2017,6,8,16,30,4,0.0,0.0,0.0,10.633333333333333
2017-06-08 17:00:00,2017,6,8,17,0,4,0.0,0.0,0.0,11.033333333333333
2017-06-08 17:30:00,2017,6,8,17,30,4,0.0,0.0,0.0,11.783333333333333
2017-06-08 18:00:00,2017,6,8,18,0,4,0.0,0.0,0.0,12.316666666666665
2017-06-08 18:30:00,2017,6,8,18,30,4,0.0,0.0,0.0,16.166666666666668
2017-06-08 19:00:00,2017,6,8,19,0,4,0.0,0.0,0.0,49.300000000000004
2017-06-08 19:30:00,2017,6,8,19,30,4,0.0,0.0,0.0,62.866666666666674
2017-06-08 20:00:00,2017,6,8,20,0,4,0.0,0.0,0.0,66.69999999999999
2017-06-08 20:30:00,2017,6,8,20,30,4,0.0,0.0,0.0,66.71666666666665
2017-06-08 21:00:00,2017,6,8,21,0,4,0.0,0.0,0.0,67.28333333333333
2017-06-08 21:30:00,2017,6,8,21,30,4,0.0,0.0,0.0,68.05
2017-06-08 22:00:00,2017,6,8,22,0,4,0.0,0.0,0.0,67.83333333333333
2017-06-08 22:30:00,2017,6,8,22,30,4,0.0,0.0,0.0,68.8
2017-06-08 23:00:00,2017,6,8,23,0,4,0.0,0.0,0.0,68.81666666666666
2017-06-08 23:30:00,2017,6,8,23,30,4,0.0,0.0,0.0,69.83333333333333
2017-06-09 00:00:00,2017,6,9,0,0,5,0.0,0.0,0.0,68.31666666666666
2017-06-09 00:30:00,2017,6,9,0,30,5,0.0,0.0,0.0,68.01666666666667
2017-06-09 01:00:00,2017,6,9,1,0,5,0.0,0.0,0.0,67.39999999999999
2017-06-09 01:30:00,2017,6,9,1,30,5,0.0,0.0,0.0,68.01666666666667
2017-06-09 02:00:00,2017,6,9,2,0,5,0.0,0.0,0.0,67.50000000000001
2017-06-09 02:30:00,2017,6,9,2,30,5,0.0,0.0,0.0,67.6
2017-06-09 03:00:00,2017,6,9,3,0,5,0.0,0.0,0.0,67.08333333333333
2017-06-09 03:30:00,2017,6,9,3,30,5,0.0,0.0,0.0,66.53333333333335
2017-06-09 04:00:00,2017,6,9,4,0,5,0.0,0.0,0.0,66.56666666666666
2017-06-09 04:30:00,2017,6,9,4,30,5,0.0,0.0,0.0,67.33333333333333
2017-06-09 05:00:00,2017,6,9,5,0,5,0.0,0.0,0.0,65.95
2017-06-09 05:30:00,2017,6,9,5,30,5,0.0,0.0,0.0,69.35000000000001
2017-06-09 06:00:00,2017,6,9,6,0,5,0.0,0.0,0.0,64.7
2017-06-09 06:30:00,2017,6,9,6,30,5,0.0,0.0,0.0,65.98333333333333
2017-06-09 07:00:00,2017,6,9,7,0,5,0.0,0.0,0.0,65.08333333333333
2017-06-09 07:30:00,2017,6,9,7,30,5,0.0,0.0,0.0,64.01666666666667
2017-06-09 08:00:00,2017,6,9,8,0,5,0.0,0.0,0.0,61.46666666666667
2017-06-09 08:30:00,2017,6,9,8,30,5,0.0,0.0,0.0,61.81666666666666
2017-06-09 09:00:00,2017,6,9,9,0,5,0.0,0.0,0.0,61.333333333333336
2017-06-09 09:30:00,2017,6,9,9,30,5,0.0,0.0,0.0,57.03333333333334
2017-06-09 10:00:00,2017,6,9,10,0,5,0.0,0.0,0.0,57.65
2017-06-09 10:30:00,2017,6,9,10,30,5,0.0,0.0,0.0,61.21666666666667
2017-06-09 11:00:00,2017,6,9,11,0,5,0.0,0.0,0.0,61.6
2017-06-09 11:30:00,2017,6,9,11,30,5,0.0,0.0,0.0,61.46666666666667
2017-06-09 12:00:00,2017,6,9,12,0,5,0.0,0.0,0.0,61.61666666666667
2017-06-09 12:30:00,2017,6,9,12,30,5,0.0,0.0,0.0,60.56666666666666
2017-06-09 13:00:00,2017,6,9,13,0,5,0.0,0.0,0.0,59.63333333333333
2017-06-09 13:30:00,2017,6,9,13,30,5,0.0,0.0,0.0,55.46666666666667
2017-06-09 14:00:00,2017,6,9,14,0,5,0.0,0.0,0.0,34.18333333333333
2017-06-09 14:30:00,2017,6,9,14,30,5,0.0,0.0,0.0,16.933333333333334
2017-06-09 15:00:00,2017,6,9,15,0,5,0.0,0.0,0.0,12.200000000000001
2017-06-09 15:30:00,2017,6,9,15,30,5,0.0,0.0,0.0,11.550000000000002
2017-06-09 16:00:00,2017,6,9,16,0,5,0.0,0.0,0.0,11.249999999999998
2017-06-09 16:30:00,2017,6,9,16,30,5,0.0,0.0,0.0,10.483333333333334
2017-06-09 17:00:00,2017,6,9,17,0,5,0.0,0.0,0.0,10.216666666666667
2017-06-09 17:30:00,2017,6,9,17,30,5,0.0,0.0,0.0,10.6
2017-06-09 18:00:00,2017,6,9,18,0,5,0.0,0.0,0.0,11.183333333333332
2017-06-09 18:30:00,2017,6,9,18,30,5,0.0,0.0,0.0,13.6
2017-06-09 19:00:00,2017,6,9,19,0,5,0.0,0.0,0.0,57.199999999999996
2017-06-09 19:30:00,2017,6,9,19,30,5,0.0,0.0,0.0,66.33333333333333
2017-06-09 20:00:00,2017,6,9,20,0,5,0.0,0.0,0.0,68.66666666666667
2017-06-09 20:30:00,2017,6,9,20,30,5,0.0,0.0,0.0,67.53333333333335
2017-06-09 21:00:00,2017,6,9,21,0,5,0.0,0.0,0.0,66.96666666666667
2017-06-09 21:30:00,2017,6,9,21,30,5,0.0,0.0,0.0,68.23333333333333
2017-06-09 22:00:00,2017,6,9,22,0,5,0.0,0.0,0.0,68.85000000000001
2017-06-09 22:30:00,2017,6,9,22,30,5,0.0,0.0,0.0,69.41666666666667
2017-06-09 23:00:00,2017,6,9,23,0,5,0.0,0.0,0.0,68.49999999999999
2017-06-09 23:30:00,2017,6,9,23,30,5,0.0,0.0,0.0,69.25
2017-06-10 00:00:00,2017,6,10,0,0,6,0.0,0.0,0.0,68.16666666666667
2017-06-10 00:30:00,2017,6,10,0,30,6,0.0,0.0,0.0,67.98333333333333
2017-06-10 01:00:00,2017,6,10,1,0,6,0.0,0.0,0.0,66.86666666666667
2017-06-10 01:30:00,2017,6,10,1,30,6,0.0,0.0,0.0,67.41666666666667
2017-06-10 02:00:00,2017,6,10,2,0,6,0.0,0.0,0.0,68.59999999999998
2017-06-10 02:30:00,2017,6,10,2,30,6,0.0,0.0,0.0,67.66666666666667
2017-06-10 03:00:00,2017,6,10,3,0,6,0.0,0.0,0.0,67.30000000000001
2017-06-10 03:30:00,2017,6,10,3,30,6,0.0,0.0,0.0,66.95
2017-06-10 04:00:00,2017,6,10,4,0,6,0.0,0.0,0.0,67.56666666666666
2017-06-10 04:30:00,2017,6,10,4,30,6,0.0,0.0,0.0,67.73333333333333
2017-06-10 05:00:00,2017,6,10,5,0,6,0.0,0.0,0.0,66.93333333333332
2017-06-10 05:30:00,2017,6,10,5,30,6,0.0,0.0,0.0,67.58333333333333
2017-06-10 06:00:00,2017,6,10,6,0,6,0.0,0.0,0.0,67.25
2017-06-10 06:30:00,2017,6,10,6,30,6,0.0,0.0,0.0,69.78333333333335
2017-06-10 07:00:00,2017,6,10,7,0,6,0.0,0.0,0.0,69.99999999999999
2017-06-10 07:30:00,2017,6,10,7,30,6,0.0,0.0,0.0,68.58333333333333
2017-06-10 08:00:00,2017,6,10,8,0,6,0.0,0.0,0.0,67.95
2017-06-10 08:30:00,2017,6,10,8,30,6,0.0,0.0,0.0,65.71666666666667
2017-06-10 09:00:00,2017,6,10,9,0,6,0.0,0.0,0.0,66.66666666666667
2017-06-10 09:30:00,2017,6,10,9,30,6,0.0,0.0,0.0,65.93333333333334
2017-06-10 10:00:00,2017,6,10,10,0,6,0.0,0.0,0.0,65.39999999999999
2017-06-10 10:30:00,2017,6,10,10,30,6,0.0,0.0,0.0,65.01666666666667
2017-06-10 11:00:00,2017,6,10,11,0,6,0.0,0.0,0.0,63.666666666666664
2017-06-10 11:30:00,2017,6,10,11,30,6,0.0,0.0,0.0,63.45000000000001
2017-06-10 12:00:00,2017,6,10,12,0,6,0.0,0.0,0.0,63.56666666666666
2017-06-10 12:30:00,2017,6,10,12,30,6,0.0,0.0,0.0,63.166666666666664
2017-06-10 13:00:00,2017,6,10,13,0,6,0.0,0.0,0.0,63.71666666666666
2017-06-10 13:30:00,2017,6,10,13,30,6,0.0,0.0,0.0,62.75
2017-06-10 14:00:00,2017,6,10,14,0,6,0.0,0.0,0.0,62.4
2017-06-10 14:30:00,2017,6,10,14,30,6,0.0,0.0,0.0,63.25
2017-06-10 15:00:00,2017,6,10,15,0,6,0.0,0.0,0.0,63.23333333333333
2017-06-10 15:30:00,2017,6,10,15,30,6,0.0,0.0,0.0,63.416666666666664
2017-06-10 16:00:00,2017,6,10,16,0,6,0.0,0.0,0.0,64.28333333333333
2017-06-10 16:30:00,2017,6,10,16,30,6,0.0,0.0,0.0,64.78333333333335
2017-06-10 17:00:00,2017,6,10,17,0,6,0.0,0.0,0.0,65.76666666666667
2017-06-10 17:30:00,2017,6,10,17,30,6,0.0,0.0,0.0,65.06666666666666
2017-06-10 18:00:00,2017,6,10,18,0,6,0.0,0.0,0.0,64.68333333333332
2017-06-10 18:30:00,2017,6,10,18,30,6,0.0,0.0,0.0,66.80000000000001
2017-06-10 19:00:00,2017,6,10,19,0,6,0.0,0.0,0.0,66.86666666666666
2017-06-10 19:30:00,2017,6,10,19,30,6,0.0,0.0,0.0,66.13333333333333
2017-06-10 20:00:00,2017,6,10,20,0,6,0.0,0.0,0.0,67.11666666666666
2017-06-10 20:30:00,2017,6,10,20,30,6,0.0,0.0,0.0,66.8
2017-06-10 21:00:00,2017,6,10,21,0,6,0.0,0.0,0.0,67.08333333333333
2017-06-10 21:30:00,2017,6,10,21,30,6,0.0,0.0,0.0,65.51666666666667
2017-06-10 22:00:00,2017,6,10,22,0,6,0.0,0.0,0.0,67.3
2017-06-10 22:30:00,2017,6,10,22,30,6,0.0,0.0,0.0,69.16666666666667
2017-06-10 23:00:00,2017,6,10,23,0,6,0.0,0.0,0.0,68.11666666666666
2017-06-10 23:30:00,2017,6,10,23,30,6,0.0,0.0,0.0,68.68333333333334
2017-06-11 00:00:00,2017,6,11,0,0,7,0.0,0.0,0.0,67.38333333333334
2017-06-11 00:30:00,2017,6,11,0,30,7,0.0,0.0,0.0,68.35
2017-06-11 01:00:00,2017,6,11,1,0,7,0.0,0.0,0.0,67.76666666666667
2017-06-11 01:30:00,2017,6,11,1,30,7,0.0,0.0,0.0,67.61666666666666
2017-06-11 02:00:00,2017,6,11,2,0,7,0.0,0.0,0.0,68.45
2017-06-11 02:30:00,2017,6,11,2,30,7,0.0,0.0,0.0,67.61666666666666
2017-06-11 03:00:00,2017,6,11,3,0,7,0.0,0.0,0.0,67.28333333333333
2017-06-11 03:30:00,2017,6,11,3,30,7,0.0,0.0,0.0,67.66666666666667
2017-06-11 04:00:00,2017,6,11,4,0,7,0.0,0.0,0.0,67.14999999999999
2017-06-11 04:30:00,2017,6,11,4,30,7,0.0,0.0,0.0,67.88333333333333
2017-06-11 05:00:00,2017,6,11,5,0,7,0.0,0.0,0.0,67.81666666666666
2017-06-11 05:30:00,2017,6,11,5,30,7,0.0,0.0,0.0,67.75
2017-06-11 06:00:00,2017,6,11,6,0,7,0.0,0.0,0.0,68.05
2017-06-11 06:30:00,2017,6,11,6,30,7,0.0,0.0,0.0,68.36666666666666
2017-06-11 07:00:00,2017,6,11,7,0,7,0.0,0.0,0.0,68.03333333333335
2017-06-11 07:30:00,2017,6,11,7,30,7,0.0,0.0,0.0,68.75000000000001
2017-06-11 08:00:00,2017,6,11,8,0,7,0.0,0.0,0.0,69.56666666666666
2017-06-11 08:30:00,2017,6,11,8,30,7,0.0,0.0,0.0,68.16666666666667
2017-06-11 09:00:00,2017,6,11,9,0,7,0.0,0.0,0.0,67.75
2017-06-11 09:30:00,2017,6,11,9,30,7,0.0,0.0,0.0,67.41666666666666
2017-06-11 10:00:00,2017,6,11,10,0,7,0.0,0.0,0.0,66.41666666666667
2017-06-11 10:30:00,2017,6,11,10,30,7,0.0,0.0,0.0,66.93333333333334
2017-06-11 11:00:00,2017,6,11,11,0,7,0.0,0.0,0.0,65.48333333333333
2017-06-11 11:30:00,2017,6,11,11,30,7,0.0,0.0,0.0,63.1
2017-06-11 12:00:00,2017,6,11,12,0,7,0.0,0.0,0.0,63.366666666666674
2017-06-11 12:30:00,2017,6,11,12,30,7,0.0,0.0,0.0,65.61666666666667
2017-06-11 13:00:00,2017,6,11,13,0,7,0.0,0.0,0.0,64.95
2017-06-11 13:30:00,2017,6,11,13,30,7,0.0,0.0,0.0,64.8
2017-06-11 14:00:00,2017,6,11,14,0,7,0.0,0.0,0.0,64.48333333333333
2017-06-11 14:30:00,2017,6,11,14,30,7,0.0,0.0,0.0,64.18333333333332
2017-06-11 15:00:00,2017,6,11,15,0,7,0.0,0.0,0.0,63.28333333333333
2017-06-11 15:30:00,2017,6,11,15,30,7,0.0,0.0,0.0,64.76666666666667
2017-06-11 16:00:00,2017,6,11,16,0,7,0.0,0.0,0.0,65.0
2017-06-11 16:30:00,2017,6,11,16,30,7,0.0,0.0,0.0,64.5
2017-06-11 17:00:00,2017,6,11,17,0,7,0.0,0.0,0.0,65.16666666666667
2017-06-11 17:30:00,2017,6,11,17,30,7,0.0,0.0,0.0,65.10000000000001
2017-06-11 18:00:00,2017,6,11,18,0,7,0.0,0.0,0.0,65.73333333333333
2017-06-11 18:30:00,2017,6,11,18,30,7,0.0,0.0,0.0,66.48333333333333
2017-06-11 19:00:00,2017,6,11,19,0,7,0.0,0.0,0.0,66.39999999999999
2017-06-11 19:30:00,2017,6,11,19,30,7,0.0,0.0,0.0,66.45
2017-06-11 20:00:00,2017,6,11,20,0,7,0.0,0.0,0.0,66.6
2017-06-11 20:30:00,2017,6,11,20,30,7,0.0,0.0,0.0,66.60000000000001
2017-06-11 21:00:00,2017,6,11,21,0,7,0.0,0.0,0.0,66.5
2017-06-11 21:30:00,2017,6,11,21,30,7,0.0,0.0,0.0,67.76666666666667
2017-06-11 22:00:00,2017,6,11,22,0,7,0.0,0.0,0.0,68.0
2017-06-11 22:30:00,2017,6,11,22,30,7,0.0,0.0,0.0,69.16666666666667
2017-06-11 23:00:00,2017,6,11,23,0,7,0.0,0.0,0.0,67.61666666666666
2017-06-11 23:30:00,2017,6,11,23,30,7,0.0,0.0,0.0,67.4
2017-06-12 00:00:00,2017,6,12,0,0,1,0.0,0.0,0.0,68.25
2017-06-12 00:30:00,2017,6,12,0,30,1,0.0,0.0,0.0,67.5
2017-06-12 01:00:00,2017,6,12,1,0,1,0.0,0.0,0.0,66.88333333333333
2017-06-12 01:30:00,2017,6,12,1,30,1,0.0,0.0,0.0,67.61666666666667
2017-06-12 02:00:00,2017,6,12,2,0,1,0.0,0.0,0.0,66.9
2017-06-12 02:30:00,2017,6,12,2,30,1,0.0,0.0,0.0,66.91666666666667
2017-06-12 03:00:00,2017,6,12,3,0,1,0.0,0.0,0.0,66.93333333333332
2017-06-12 03:30:00,2017,6,12,3,30,1,0.0,0.0,0.0,66.63333333333333
2017-06-12 04:00:00,2017,6,12,4,0,1,0.0,0.0,0.0,67.0
2017-06-12 04:30:00,2017,6,12,4,30,1,0.0,0.0,0.0,65.4
2017-06-12 05:00:00,2017,6,12,5,0,1,0.0,0.0,0.0,65.98333333333333
2017-06-12 05:30:00,2017,6,12,5,30,1,0.0,0.0,0.0,66.31666666666666
2017-06-12 06:00:00,2017,6,12,6,0,1,0.0,0.0,0.0,66.78333333333333
2017-06-12 06:30:00,2017,6,12,6,30,1,0.0,0.0,0.0,65.96666666666667
2017-06-12 07:00:00,2017,6,12,7,0,1,0.0,0.0,0.0,65.03333333333333
2017-06-12 07:30:00,2017,6,12,7,30,1,0.0,0.0,0.0,65.23333333333333
2017-06-12 08:00:00,2017,6,12,8,0,1,0.0,0.0,0.0,63.849999999999994
2017-06-12 08:30:00,2017,6,12,8,30,1,0.0,0.0,0.0,62.29999999999999
2017-06-12 09:00:00,2017,6,12,9,0,1,0.0,0.0,0.0,60.68333333333334
2017-06-12 09:30:00,2017,6,12,9,30,1,0.0,0.0,0.0,60.699999999999996
2017-06-12 10:00:00,2017,6,12,10,0,1,0.0,0.0,0.0,60.08333333333334
2017-06-12 10:30:00,2017,6,12,10,30,1,0.0,0.0,0.0,58.916666666666664
2017-06-12 11:00:00,2017,6,12,11,0,1,0.0,0.0,0.0,59.11666666666667
2017-06-12 11:30:00,2017,6,12,11,30,1,0.0,0.0,0.0,58.31666666666666
2017-06-12 12:00:00,2017,6,12,12,0,1,0.0,0.0,0.0,59.15
2017-06-12 12:30:00,2017,6,12,12,30,1,0.0,0.0,0.0,58.46666666666667
2017-06-12 13:00:00,2017,6,12,13,0,1,0.0,0.0,0.0,57.78333333333334
2017-06-12 13:30:00,2017,6,12,13,30,1,0.0,0.0,0.0,57.216666666666676
2017-06-12 14:00:00,2017,6,12,14,0,1,0.0,0.0,0.0,46.25
2017-06-12 14:30:00,2017,6,12,14,30,1,0.0,0.0,0.0,17.599999999999998
2017-06-12 15:00:00,2017,6,12,15,0,1,0.0,0.0,0.0,14.233333333333334
2017-06-12 15:30:00,2017,6,12,15,30,1,0.0,0.0,0.0,13.666666666666666
2017-06-12 16:00:00,2017,6,12,16,0,1,0.0,0.0,0.0,13.35
2017-06-12 16:30:00,2017,6,12,16,30,1,0.0,0.0,0.0,13.283333333333331
2017-06-12 17:00:00,2017,6,12,17,0,1,0.0,0.0,0.0,12.333333333333334
2017-06-12 17:30:00,2017,6,12,17,30,1,0.0,0.0,0.0,12.549999999999999
2017-06-12 18:00:00,2017,6,12,18,0,1,0.0,0.0,0.0,15.516666666666667
2017-06-12 18:30:00,2017,6,12,18,30,1,0.0,0.0,0.0,22.2
2017-06-12 19:00:00,2017,6,12,19,0,1,0.0,0.0,0.0,51.78333333333333
2017-06-12 19:30:00,2017,6,12,19,30,1,0.0,0.0,0.0,65.05
2017-06-12 20:00:00,2017,6,12,20,0,1,0.0,0.0,0.0,66.95
2017-06-12 20:30:00,2017,6,12,20,30,1,0.0,0.0,0.0,67.68333333333335
2017-06-12 21:00:00,2017,6,12,21,0,1,0.0,0.0,0.0,66.24999999999999
2017-06-12 21:30:00,2017,6,12,21,30,1,0.0,0.0,0.0,66.03333333333335
2017-06-12 22:00:00,2017,6,12,22,0,1,0.0,0.0,0.0,67.30000000000001
2017-06-12 22:30:00,2017,6,12,22,30,1,0.0,0.0,0.0,67.81666666666668
2017-06-12 23:00:00,2017,6,12,23,0,1,0.0,0.0,0.0,67.98333333333333
2017-06-12 23:30:00,2017,6,12,23,30,1,0.0,0.0,0.0,67.78333333333333
2017-06-13 00:00:00,2017,6,13,0,0,2,0.0,0.0,0.0,67.86666666666667
2017-06-13 00:30:00,2017,6,13,0,30,2,0.0,0.0,0.0,67.84999999999998
2017-06-13 01:00:00,2017,6,13,1,0,2,0.0,0.0,0.0,67.71666666666665
2017-06-13 01:30:00,2017,6,13,1,30,2,0.0,0.0,0.0,67.68333333333332
2017-06-13 02:00:00,2017,6,13,2,0,2,0.0,0.0,0.0,66.88333333333334
2017-06-13 02:30:00,2017,6,13,2,30,2,0.0,0.0,0.0,67.25
2017-06-13 03:00:00,2017,6,13,3,0,2,0.0,0.0,0.0,66.86666666666666
2017-06-13 03:30:00,2017,6,13,3,30,2,0.0,0.0,0.0,66.93333333333332
2017-06-13 04:00:00,2017,6,13,4,0,2,0.0,0.0,0.0,66.63333333333334
2017-06-13 04:30:00,2017,6,13,4,30,2,0.0,0.0,0.0,67.78333333333333
2017-06-13 05:00:00,2017,6,13,5,0,2,0.0,0.0,0.0,66.45
2017-06-13 05:30:00,2017,6,13,5,30,2,0.0,0.0,0.0,67.33333333333333
2017-06-13 06:00:00,2017,6,13,6,0,2,0.0,0.0,0.0,66.6
2017-06-13 06:30:00,2017,6,13,6,30,2,0.0,0.0,0.0,66.91666666666667
2017-06-13 07:00:00,2017,6,13,7,0,2,0.0,0.0,0.0,65.55
2017-06-13 07:30:00,2017,6,13,7,30,2,0.0,0.0,0.0,64.83333333333333
2017-06-13 08:00:00,2017,6,13,8,0,2,0.0,0.0,0.0,64.39999999999999
2017-06-13 08:30:00,2017,6,13,8,30,2,0.0,0.0,0.0,63.06666666666666
2017-06-13 09:00:00,2017,6,13,9,0,2,0.0,0.0,0.0,62.800000000000004
2017-06-13 09:30:00,2017,6,13,9,30,2,0.0,0.0,0.0,61.65
2017-06-13 10:00:00,2017,6,13,10,0,2,0.0,0.0,0.0,61.199999999999996
2017-06-13 10:30:00,2017,6,13,10,30,2,0.0,0.0,0.0,61.88333333333333
2017-06-13 11:00:00,2017,6,13,11,0,2,0.0,0.0,0.0,62.15
2017-06-13 11:30:00,2017,6,13,11,30,2,0.0,0.0,0.0,61.300000000000004
2017-06-13 12:00:00,2017,6,13,12,0,2,0.0,0.0,0.0,59.949999999999996
2017-06-13 12:30:00,2017,6,13,12,30,2,0.0,0.0,0.0,60.71666666666667
2017-06-13 13:00:00,2017,6,13,13,0,2,0.0,0.0,0.0,61.25
2017-06-13 13:30:00,2017,6,13,13,30,2,0.0,0.0,0.0,58.400000000000006
2017-06-13 14:00:00,2017,6,13,14,0,2,0.0,0.0,0.0,40.38333333333333
2017-06-13 14:30:00,2017,6,13,14,30,2,0.0,0.0,0.0,17.133333333333333
2017-06-13 15:00:00,2017,6,13,15,0,2,0.0,0.0,0.0,14.433333333333335
2017-06-13 15:30:00,2017,6,13,15,30,2,0.0,0.0,0.0,12.783333333333333
2017-06-13 16:00:00,2017,6,13,16,0,2,0.0,0.0,0.0,13.366666666666667
2017-06-13 16:30:00,2017,6,13,16,30,2,0.0,0.0,0.0,13.333333333333336
2017-06-13 17:00:00,2017,6,13,17,0,2,0.0,0.0,0.0,11.983333333333334
2017-06-13 17:30:00,2017,6,13,17,30,2,0.0,0.0,0.0,12.549999999999999
2017-06-13 18:00:00,2017,6,13,18,0,2,0.0,0.0,0.0,15.616666666666667
2017-06-13 18:30:00,2017,6,13,18,30,2,0.0,0.0,0.0,27.650000000000002
2017-06-13 19:00:00,2017,6,13,19,0,2,0.0,0.0,0.0,26.116666666666664
2017-06-13 19:30:00,2017,6,13,19,30,2,0.0,0.0,0.0,31.133333333333336
2017-06-13 20:00:00,2017,6,13,20,0,2,0.0,0.0,0.0,60.85
2017-06-13 20:30:00,2017,6,13,20,30,2,0.0,0.0,0.0,66.41666666666667
2017-06-13 21:00:00,2017,6,13,21,0,2,0.0,0.0,0.0,65.60000000000001
2017-06-13 21:30:00,2017,6,13,21,30,2,0.0,0.0,0.0,65.33333333333334
2017-06-13 22:00:00,2017,6,13,22,0,2,0.0,0.0,0.0,66.71666666666667
2017-06-13 22:30:00,2017,6,13,22,30,2,0.0,0.0,0.0,68.96666666666668
2017-06-13 23:00:00,2017,6,13,23,0,2,0.0,0.0,0.0,68.28333333333333
2017-06-13 23:30:00,2017,6,13,23,30,2,0.0,0.0,0.0,69.43333333333334
2017-06-14 00:00:00,2017,6,14,0,0,3,0.0,0.0,0.0,69.36666666666666
2017-06-14 00:30:00,2017,6,14,0,30,3,0.0,0.0,0.0,68.65000000000002
2017-06-14 01:00:00,2017,6,14,1,0,3,0.0,0.0,0.0,68.13333333333333
2017-06-14 01:30:00,2017,6,14,1,30,3,0.0,0.0,0.0,67.46666666666668
2017-06-14 02:00:00,2017,6,14,2,0,3,0.0,0.0,0.0,67.14999999999999
2017-06-14 02:30:00,2017,6,14,2,30,3,0.0,0.0,0.0,67.5
2017-06-14 03:00:00,2017,6,14,3,0,3,0.0,0.0,0.0,67.05
2017-06-14 03:30:00,2017,6,14,3,30,3,0.0,0.0,0.0,66.23333333333333
2017-06-14 04:00:00,2017,6,14,4,0,3,0.0,0.0,0.0,66.08333333333333
2017-06-14 04:30:00,2017,6,14,4,30,3,0.0,0.0,0.0,66.76666666666667
2017-06-14 05:00:00,2017,6,14,5,0,3,0.0,0.0,0.0,65.18333333333334
2017-06-14 05:30:00,2017,6,14,5,30,3,0.0,0.0,0.0,67.83333333333334
2017-06-14 06:00:00,2017,6,14,6,0,3,0.0,0.0,0.0,65.93333333333334
2017-06-14 06:30:00,2017,6,14,6,30,3,0.0,0.0,0.0,66.05000000000001
2017-06-14 07:00:00,2017,6,14,7,0,3,0.0,0.0,0.0,66.31666666666668
2017-06-14 07:30:00,2017,6,14,7,30,3,0.0,0.0,0.0,65.98333333333333
2017-06-14 08:00:00,2017,6,14,8,0,3,0.0,0.0,0.0,65.75
2017-06-14 08:30:00,2017,6,14,8,30,3,0.0,0.0,0.0,63.300000000000004
2017-06-14 09:00:00,2017,6,14,9,0,3,0.0,0.0,0.0,62.883333333333326
2017-06-14 09:30:00,2017,6,14,9,30,3,0.0,0.0,0.0,62.96666666666667
2017-06-14 10:00:00,2017,6,14,10,0,3,0.0,0.0,0.0,63.4
2017-06-14 10:30:00,2017,6,14,10,30,3,0.0,0.0,0.0,62.54999999999999
2017-06-14 11:00:00,2017,6,14,11,0,3,0.0,0.0,0.0,62.449999999999996
2017-06-14 11:30:00,2017,6,14,11,30,3,0.0,0.0,0.0,62.49999999999999
2017-06-14 12:00:00,2017,6,14,12,0,3,0.0,0.0,0.0,60.93333333333334
2017-06-14 12:30:00,2017,6,14,12,30,3,0.0,0.0,0.0,60.13333333333333
2017-06-14 13:00:00,2017,6,14,13,0,3,0.0,0.0,0.0,60.63333333333333
2017-06-14 13:30:00,2017,6,14,13,30,3,0.0,0.0,0.0,58.98333333333333
2017-06-14 14:00:00,2017,6,14,14,0,3,0.0,0.0,0.0,37.666666666666664
2017-06-14 14:30:00,2017,6,14,14,30,3,0.0,0.0,0.0,14.216666666666667
2017-06-14 15:00:00,2017,6,14,15,0,3,0.0,0.0,0.0,11.683333333333332
2017-06-14 15:30:00,2017,6,14,15,30,3,0.0,0.0,0.0,11.383333333333333
2017-06-14 16:00:00,2017,6,14,16,0,3,0.0,0.0,0.0,11.583333333333334
2017-06-14 16:30:00,2017,6,14,16,30,3,0.0,0.0,0.0,10.65
2017-06-14 17:00:00,2017,6,14,17,0,3,0.0,0.0,0.0,11.383333333333333
2017-06-14 17:30:00,2017,6,14,17,30,3,0.0,0.0,0.0,11.85
2017-06-14 18:00:00,2017,6,14,18,0,3,0.0,0.0,0.0,14.033333333333333
2017-06-14 18:30:00,2017,6,14,18,30,3,0.0,0.0,0.0,15.266666666666666
2017-06-14 19:00:00,2017,6,14,19,0,3,0.0,0.0,0.0,17.216666666666665
2017-06-14 19:30:00,2017,6,14,19,30,3,0.0,0.0,0.0,18.983333333333338
2017-06-14 20:00:00,2017,6,14,20,0,3,0.0,0.0,0.0,57.666666666666664
2017-06-14 20:30:00,2017,6,14,20,30,3,0.0,0.0,0.0,66.68333333333334
2017-06-14 21:00:00,2017,6,14,21,0,3,0.0,0.0,0.0,66.48333333333333
2017-06-14 21:30:00,2017,6,14,21,30,3,0.0,0.0,0.0,67.73333333333333
2017-06-14 22:00:00,2017,6,14,22,0,3,0.0,0.0,0.0,67.43333333333334
2017-06-14 22:30:00,2017,6,14,22,30,3,0.0,0.0,0.0,68.33333333333333
2017-06-14 23:00:00,2017,6,14,23,0,3,0.0,0.0,0.0,68.16666666666667
2017-06-14 23:30:00,2017,6,14,23,30,3,0.0,0.0,0.0,68.61666666666666
2017-06-15 00:00:00,2017,6,15,0,0,4,0.0,0.0,0.0,68.56666666666668
2017-06-15 00:30:00,2017,6,15,0,30,4,0.0,0.0,0.0,67.81666666666665
2017-06-15 01:00:00,2017,6,15,1,0,4,0.0,0.0,0.0,67.08333333333333
2017-06-15 01:30:00,2017,6,15,1,30,4,0.0,0.0,0.0,67.58333333333333
2017-06-15 02:00:00,2017,6,15,2,0,4,0.0,0.0,0.0,66.81666666666666
2017-06-15 02:30:00,2017,6,15,2,30,4,0.0,0.0,0.0,67.63333333333334
2017-06-15 03:00:00,2017,6,15,3,0,4,0.0,0.0,0.0,67.0
2017-06-15 03:30:00,2017,6,15,3,30,4,0.0,0.0,0.0,65.16666666666667
2017-06-15 04:00:00,2017,6,15,4,0,4,0.0,0.0,0.0,66.83333333333333
2017-06-15 04:30:00,2017,6,15,4,30,4,0.0,0.0,0.0,66.80000000000001
2017-06-15 05:00:00,2017,6,15,5,0,4,0.0,0.0,0.0,67.60000000000001
2017-06-15 05:30:00,2017,6,15,5,30,4,0.0,0.0,0.0,69.89999999999999
2017-06-15 06:00:00,2017,6,15,6,0,4,0.0,0.0,0.0,66.51666666666667
2017-06-15 06:30:00,2017,6,15,6,30,4,0.0,0.0,0.0,66.98333333333335
2017-06-15 07:00:00,2017,6,15,7,0,4,0.0,0.0,0.0,66.3
2017-06-15 07:30:00,2017,6,15,7,30,4,0.0,0.0,0.0,65.0
2017-06-15 08:00:00,2017,6,15,8,0,4,0.0,0.0,0.0,65.18333333333334
2017-06-15 08:30:00,2017,6,15,8,30,4,0.0,0.0,0.0,64.03333333333333
2017-06-15 09:00:00,2017,6,15,9,0,4,0.0,0.0,0.0,62.51666666666667
2017-06-15 09:30:00,2017,6,15,9,30,4,0.0,0.0,0.0,62.01666666666666
2017-06-15 10:00:00,2017,6,15,10,0,4,0.0,0.0,0.0,62.36666666666667
2017-06-15 10:30:00,2017,6,15,10,30,4,0.0,0.0,0.0,61.48333333333333
2017-06-15 11:00:00,2017,6,15,11,0,4,0.0,0.0,0.0,61.48333333333334
2017-06-15 11:30:00,2017,6,15,11,30,4,0.0,0.0,0.0,61.866666666666674
2017-06-15 12:00:00,2017,6,15,12,0,4,0.0,0.0,0.0,61.9
2017-06-15 12:30:00,2017,6,15,12,30,4,0.0,0.0,0.0,60.9
2017-06-15 13:00:00,2017,6,15,13,0,4,0.0,0.0,0.0,60.900000000000006
2017-06-15 13:30:00,2017,6,15,13,30,4,0.0,0.0,0.0,45.25
2017-06-15 14:00:00,2017,6,15,14,0,4,0.0,0.0,0.0,26.416666666666668
2017-06-15 14:30:00,2017,6,15,14,30,4,0.0,0.0,0.0,16.233333333333334
2017-06-15 15:00:00,2017,6,15,15,0,4,0.0,0.0,0.0,14.350000000000001
2017-06-15 15:30:00,2017,6,15,15,30,4,0.0,0.0,0.0,11.166666666666664
2017-06-15 16:00:00,2017,6,15,16,0,4,0.0,0.0,0.0,10.933333333333332
2017-06-15 16:30:00,2017,6,15,16,30,4,0.0,0.0,0.0,10.549999999999999
2017-06-15 17:00:00,2017,6,15,17,0,4,0.0,0.0,0.0,9.533333333333333
2017-06-15 17:30:00,2017,6,15,17,30,4,0.0,0.0,0.0,9.9
2017-06-15 18:00:00,2017,6,15,18,0,4,0.0,0.0,0.0,11.516666666666667
2017-06-15 18:30:00,2017,6,15,18,30,4,0.0,0.0,0.0,13.600000000000001
2017-06-15 19:00:00,2017,6,15,19,0,4,0.0,0.0,0.0,40.483333333333334
2017-06-15 19:30:00,2017,6,15,19,30,4,0.0,0.0,0.0,63.949999999999996
2017-06-15 20:00:00,2017,6,15,20,0,4,0.0,0.0,0.0,62.74999999999999
2017-06-15 20:30:00,2017,6,15,20,30,4,0.0,0.0,0.0,64.58333333333333
2017-06-15 21:00:00,2017,6,15,21,0,4,0.0,0.0,0.0,67.11666666666666
2017-06-15 21:30:00,2017,6,15,21,30,4,0.0,0.0,0.0,66.95
2017-06-15 22:00:00,2017,6,15,22,0,4,0.0,0.0,0.0,66.71666666666667
2017-06-15 22:30:00,2017,6,15,22,30,4,0.0,0.0,0.0,68.38333333333333
2017-06-15 23:00:00,2017,6,15,23,0,4,0.0,0.0,0.0,68.86666666666667
2017-06-15 23:30:00,2017,6,15,23,30,4,0.0,0.0,0.0,69.56666666666666
2017-06-16 00:00:00,2017,6,16,0,0,5,0.0,0.0,0.0,67.43333333333332
2017-06-16 00:30:00,2017,6,16,0,30,5,0.0,0.0,0.0,67.95
2017-06-16 01:00:00,2017,6,16,1,0,5,0.0,0.0,0.0,67.65
2017-06-16 01:30:00,2017,6,16,1,30,5,0.0,0.0,0.0,68.10000000000001
2017-06-16 02:00:00,2017,6,16,2,0,5,0.0,0.0,0.0,67.43333333333334
2017-06-16 02:30:00,2017,6,16,2,30,5,0.0,0.0,0.0,67.68333333333334
2017-06-16 03:00:00,2017,6,16,3,0,5,0.0,0.0,0.0,66.68333333333332
2017-06-16 03:30:00,2017,6,16,3,30,5,0.0,0.0,0.0,65.86666666666667
2017-06-16 04:00:00,2017,6,16,4,0,5,0.0,0.0,0.0,66.08333333333333
2017-06-16 04:30:00,2017,6,16,4,30,5,0.0,0.0,0.0,66.05
2017-06-16 05:00:00,2017,6,16,5,0,5,0.0,0.0,0.0,65.95
2017-06-16 05:30:00,2017,6,16,5,30,5,0.0,0.0,0.0,69.56666666666666
2017-06-16 06:00:00,2017,6,16,6,0,5,0.0,0.0,0.0,65.33333333333333
2017-06-16 06:30:00,2017,6,16,6,30,5,0.0,0.0,0.0,64.23333333333333
2017-06-16 07:00:00,2017,6,16,7,0,5,0.0,0.0,0.0,64.75
2017-06-16 07:30:00,2017,6,16,7,30,5,0.0,0.0,0.0,64.91666666666667
2017-06-16 08:00:00,2017,6,16,8,0,5,0.0,0.0,0.0,63.63333333333333
2017-06-16 08:30:00,2017,6,16,8,30,5,0.0,0.0,0.0,62.583333333333336
2017-06-16 09:00:00,2017,6,16,9,0,5,0.0,0.0,0.0,60.199999999999996
2017-06-16 09:30:00,2017,6,16,9,30,5,0.0,0.0,0.0,62.03333333333333
2017-06-16 10:00:00,2017,6,16,10,0,5,0.0,0.0,0.0,62.61666666666667
2017-06-16 10:30:00,2017,6,16,10,30,5,0.0,0.0,0.0,61.916666666666664
2017-06-16 11:00:00,2017,6,16,11,0,5,0.0,0.0,0.0,61.43333333333334
2017-06-16 11:30:00,2017,6,16,11,30,5,0.0,0.0,0.0,60.38333333333333
2017-06-16 12:00:00,2017,6,16,12,0,5,0.0,0.0,0.0,60.63333333333333
2017-06-16 12:30:00,2017,6,16,12,30,5,0.0,0.0,0.0,59.26666666666666
2017-06-16 13:00:00,2017,6,16,13,0,5,0.0,0.0,0.0,53.916666666666664
2017-06-16 13:30:00,2017,6,16,13,30,5,0.0,0.0,0.0,45.083333333333336
2017-06-16 14:00:00,2017,6,16,14,0,5,0.0,0.0,0.0,23.2
2017-06-16 14:30:00,2017,6,16,14,30,5,0.0,0.0,0.0,15.049999999999999
2017-06-16 15:00:00,2017,6,16,15,0,5,0.0,0.0,0.0,12.483333333333333
2017-06-16 15:30:00,2017,6,16,15,30,5,0.0,0.0,0.0,10.966666666666667
2017-06-16 16:00:00,2017,6,16,16,0,5,0.0,0.0,0.0,11.399999999999999
2017-06-16 16:30:00,2017,6,16,16,30,5,0.0,0.0,0.0,12.766666666666667
2017-06-16 17:00:00,2017,6,16,17,0,5,0.0,0.0,0.0,12.800000000000002
2017-06-16 17:30:00,2017,6,16,17,30,5,0.0,0.0,0.0,13.283333333333337
2017-06-16 18:00:00,2017,6,16,18,0,5,0.0,0.0,0.0,15.583333333333334
2017-06-16 18:30:00,2017,6,16,18,30,5,0.0,0.0,0.0,37.13333333333333
2017-06-16 19:00:00,2017,6,16,19,0,5,0.0,0.0,0.0,61.88333333333335
2017-06-16 19:30:00,2017,6,16,19,30,5,0.0,0.0,0.0,63.28333333333333
2017-06-16 20:00:00,2017,6,16,20,0,5,0.0,0.0,0.0,65.86666666666667
2017-06-16 20:30:00,2017,6,16,20,30,5,0.0,0.0,0.0,65.68333333333332
2017-06-16 21:00:00,2017,6,16,21,0,5,0.0,0.0,0.0,65.61666666666667
2017-06-16 21:30:00,2017,6,16,21,30,5,0.0,0.0,0.0,65.86666666666667
2017-06-16 22:00:00,2017,6,16,22,0,5,0.0,0.0,0.0,67.31666666666666
2017-06-16 22:30:00,2017,6,16,22,30,5,0.0,0.0,0.0,67.94999999999999
2017-06-16 23:00:00,2017,6,16,23,0,5,0.0,0.0,0.0,67.76666666666667
2017-06-16 23:30:00,2017,6,16,23,30,5,0.0,0.0,0.0,67.58333333333333
2017-06-17 00:00:00,2017,6,17,0,0,6,0.0,0.0,0.0,67.3
2017-06-17 00:30:00,2017,6,17,0,30,6,0.0,0.0,0.0,68.18333333333334
2017-06-17 01:00:00,2017,6,17,1,0,6,0.0,0.0,0.0,67.35
2017-06-17 01:30:00,2017,6,17,1,30,6,0.0,0.0,0.0,67.81666666666666
2017-06-17 02:00:00,2017,6,17,2,0,6,0.0,0.0,0.0,67.56666666666666
2017-06-17 02:30:00,2017,6,17,2,30,6,0.0,0.0,0.0,67.91666666666667
2017-06-17 03:00:00,2017,6,17,3,0,6,0.0,0.0,0.0,68.2
2017-06-17 03:30:00,2017,6,17,3,30,6,0.0,0.0,0.0,67.83333333333333
2017-06-17 04:00:00,2017,6,17,4,0,6,0.0,0.0,0.0,67.88333333333334
2017-06-17 04:30:00,2017,6,17,4,30,6,0.0,0.0,0.0,67.91666666666667
2017-06-17 05:00:00,2017,6,17,5,0,6,0.0,0.0,0.0,66.73333333333333
2017-06-17 05:30:00,2017,6,17,5,30,6,0.0,0.0,0.0,68.56666666666666
2017-06-17 06:00:00,2017,6,17,6,0,6,0.0,0.0,0.0,67.75
2017-06-17 06:30:00,2017,6,17,6,30,6,0.0,0.0,0.0,68.21666666666667
2017-06-17 07:00:00,2017,6,17,7,0,6,0.0,0.0,0.0,68.75
2017-06-17 07:30:00,2017,6,17,7,30,6,0.0,0.0,0.0,68.48333333333333
2017-06-17 08:00:00,2017,6,17,8,0,6,0.0,0.0,0.0,67.81666666666666
2017-06-17 08:30:00,2017,6,17,8,30,6,0.0,0.0,0.0,66.91666666666667
2017-06-17 09:00:00,2017,6,17,9,0,6,0.0,0.0,0.0,65.48333333333333
2017-06-17 09:30:00,2017,6,17,9,30,6,0.0,0.0,0.0,65.81666666666666
2017-06-17 10:00:00,2017,6,17,10,0,6,0.0,0.0,0.0,64.21666666666668
2017-06-17 10:30:00,2017,6,17,10,30,6,0.0,0.0,0.0,64.11666666666666
2017-06-17 11:00:00,2017,6,17,11,0,6,0.0,0.0,0.0,64.73333333333333
2017-06-17 11:30:00,2017,6,17,11,30,6,0.0,0.0,0.0,64.65000000000002
2017-06-17 12:00:00,2017,6,17,12,0,6,0.0,0.0,0.0,63.949999999999996
2017-06-17 12:30:00,2017,6,17,12,30,6,0.0,0.0,0.0,63.383333333333326
2017-06-17 13:00:00,2017,6,17,13,0,6,0.0,0.0,0.0,64.25000000000001
2017-06-17 13:30:00,2017,6,17,13,30,6,0.0,0.0,0.0,64.91666666666667
2017-06-17 14:00:00,2017,6,17,14,0,6,0.0,0.0,0.0,63.93333333333333
2017-06-17 14:30:00,2017,6,17,14,30,6,0.0,0.0,0.0,64.28333333333333
2017-06-17 15:00:00,2017,6,17,15,0,6,0.0,0.0,0.0,64.23333333333333
2017-06-17 15:30:00,2017,6,17,15,30,6,0.0,0.0,0.0,64.21666666666665
2017-06-17 16:00:00,2017,6,17,16,0,6,0.0,0.0,0.0,64.21666666666667
2017-06-17 16:30:00,2017,6,17,16,30,6,0.0,0.0,0.0,64.5
2017-06-17 17:00:00,2017,6,17,17,0,6,0.0,0.0,0.0,64.43333333333334
2017-06-17 17:30:00,2017,6,17,17,30,6,0.0,0.0,0.0,65.61666666666666
2017-06-17 18:00:00,2017,6,17,18,0,6,0.0,0.0,0.0,65.5
2017-06-17 18:30:00,2017,6,17,18,30,6,0.0,0.0,0.0,66.11666666666667
2017-06-17 19:00:00,2017,6,17,19,0,6,0.0,0.0,0.0,66.66666666666667
2017-06-17 19:30:00,2017,6,17,19,30,6,0.0,0.0,0.0,67.0
2017-06-17 20:00:00,2017,6,17,20,0,6,0.0,0.0,0.0,66.83333333333333
2017-06-17 20:30:00,2017,6,17,20,30,6,0.0,0.0,0.0,66.64999999999999
2017-06-17 21:00:00,2017,6,17,21,0,6,0.0,0.0,0.0,66.63333333333333
2017-06-17 21:30:00,2017,6,17,21,30,6,0.0,0.0,0.0,66.46666666666667
2017-06-17 22:00:00,2017,6,17,22,0,6,0.0,0.0,0.0,66.7
2017-06-17 22:30:00,2017,6,17,22,30,6,0.0,0.0,0.0,68.61666666666666
2017-06-17 23:00:00,2017,6,17,23,0,6,0.0,0.0,0.0,67.91666666666667
2017-06-17 23:30:00,2017,6,17,23,30,6,0.0,0.0,0.0,68.43333333333332
2017-06-18 00:00:00,2017,6,18,0,0,7,0.0,0.0,0.0,67.03333333333335
2017-06-18 00:30:00,2017,6,18,0,30,7,0.0,0.0,0.0,67.58333333333333
2017-06-18 01:00:00,2017,6,18,1,0,7,0.0,0.0,0.0,67.36666666666667
2017-06-18 01:30:00,2017,6,18,1,30,7,0.0,0.0,0.0,67.36666666666666
2017-06-18 02:00:00,2017,6,18,2,0,7,0.0,0.0,0.0,68.4
2017-06-18 02:30:00,2017,6,18,2,30,7,0.0,0.0,0.0,67.96666666666665
2017-06-18 03:00:00,2017,6,18,3,0,7,0.0,0.0,0.0,67.71666666666665
2017-06-18 03:30:00,2017,6,18,3,30,7,0.0,0.0,0.0,67.6
2017-06-18 04:00:00,2017,6,18,4,0,7,0.0,0.0,0.0,67.64999999999999
2017-06-18 04:30:00,2017,6,18,4,30,7,0.0,0.0,0.0,67.45
2017-06-18 05:00:00,2017,6,18,5,0,7,0.0,0.0,0.0,67.56666666666666
2017-06-18 05:30:00,2017,6,18,5,30,7,0.0,0.0,0.0,67.91666666666667
2017-06-18 06:00:00,2017,6,18,6,0,7,0.0,0.0,0.0,66.18333333333335
2017-06-18 06:30:00,2017,6,18,6,30,7,0.0,0.0,0.0,66.8
2017-06-18 07:00:00,2017,6,18,7,0,7,0.0,0.0,0.0,67.36666666666666
2017-06-18 07:30:00,2017,6,18,7,30,7,0.0,0.0,0.0,67.53333333333333
2017-06-18 08:00:00,2017,6,18,8,0,7,0.0,0.0,0.0,68.7
2017-06-18 08:30:00,2017,6,18,8,30,7,0.0,0.0,0.0,67.94999999999999
2017-06-18 09:00:00,2017,6,18,9,0,7,0.0,0.0,0.0,66.38333333333333
2017-06-18 09:30:00,2017,6,18,9,30,7,0.0,0.0,0.0,66.55000000000001
2017-06-18 10:00:00,2017,6,18,10,0,7,0.0,0.0,0.0,65.88333333333334
2017-06-18 10:30:00,2017,6,18,10,30,7,0.0,0.0,0.0,66.25
2017-06-18 11:00:00,2017,6,18,11,0,7,0.0,0.0,0.0,63.99999999999999
2017-06-18 11:30:00,2017,6,18,11,30,7,0.0,0.0,0.0,63.800000000000004
2017-06-18 12:00:00,2017,6,18,12,0,7,0.0,0.0,0.0,63.68333333333333
2017-06-18 12:30:00,2017,6,18,12,30,7,0.0,0.0,0.0,63.91666666666668
2017-06-18 13:00:00,2017,6,18,13,0,7,0.0,0.0,0.0,63.23333333333334
2017-06-18 13:30:00,2017,6,18,13,30,7,0.0,0.0,0.0,63.68333333333334
2017-06-18 14:00:00,2017,6,18,14,0,7,0.0,0.0,0.0,63.15
2017-06-18 14:30:00,2017,6,18,14,30,7,0.0,0.0,0.0,62.76666666666667
2017-06-18 15:00:00,2017,6,18,15,0,7,0.0,0.0,0.0,63.38333333333333
2017-06-18 15:30:00,2017,6,18,15,30,7,0.0,0.0,0.0,63.18333333333334
2017-06-18 16:00:00,2017,6,18,16,0,7,0.0,0.0,0.0,63.833333333333336
2017-06-18 16:30:00,2017,6,18,16,30,7,0.0,0.0,0.0,64.01666666666667
2017-06-18 17:00:00,2017,6,18,17,0,7,0.0,0.0,0.0,64.33333333333333
2017-06-18 17:30:00,2017,6,18,17,30,7,0.0,0.0,0.0,64.35000000000001
2017-06-18 18:00:00,2017,6,18,18,0,7,0.0,0.0,0.0,65.39999999999999
2017-06-18 18:30:00,2017,6,18,18,30,7,0.0,0.0,0.0,65.73333333333333
2017-06-18 19:00:00,2017,6,18,19,0,7,0.0,0.0,0.0,65.55
2017-06-18 19:30:00,2017,6,18,19,30,7,0.0,0.0,0.0,65.23333333333333
2017-06-18 20:00:00,2017,6,18,20,0,7,0.0,0.0,0.0,65.53333333333333
2017-06-18 20:30:00,2017,6,18,20,30,7,0.0,0.0,0.0,65.86666666666666
2017-06-18 21:00:00,2017,6,18,21,0,7,0.0,0.0,0.0,66.36666666666666
2017-06-18 21:30:00,2017,6,18,21,30,7,0.0,0.0,0.0,65.96666666666667
2017-06-18 22:00:00,2017,6,18,22,0,7,0.0,0.0,0.0,66.7
2017-06-18 22:30:00,2017,6,18,22,30,7,0.0,0.0,0.0,68.38333333333333
2017-06-18 23:00:00,2017,6,18,23,0,7,0.0,0.0,0.0,67.93333333333332
2017-06-18 23:30:00,2017,6,18,23,30,7,0.0,0.0,0.0,67.48333333333333
2017-06-19 00:00:00,2017,6,19,0,0,1,0.0,0.0,0.0,67.36666666666666
2017-06-19 00:30:00,2017,6,19,0,30,1,0.0,0.0,0.0,68.0
2017-06-19 01:00:00,2017,6,19,1,0,1,0.0,0.0,0.0,66.93333333333332
2017-06-19 01:30:00,2017,6,19,1,30,1,0.0,0.0,0.0,67.26666666666667
2017-06-19 02:00:00,2017,6,19,2,0,1,0.0,0.0,0.0,67.35000000000001
2017-06-19 02:30:00,2017,6,19,2,30,1,0.0,0.0,0.0,66.96666666666667
2017-06-19 03:00:00,2017,6,19,3,0,1,0.0,0.0,0.0,65.98333333333333
2017-06-19 03:30:00,2017,6,19,3,30,1,0.0,0.0,0.0,66.46666666666667
2017-06-19 04:00:00,2017,6,19,4,0,1,0.0,0.0,0.0,66.03333333333335
2017-06-19 04:30:00,2017,6,19,4,30,1,0.0,0.0,0.0,65.96666666666667
2017-06-19 05:00:00,2017,6,19,5,0,1,0.0,0.0,0.0,65.23333333333333
2017-06-19 05:30:00,2017,6,19,5,30,1,0.0,0.0,0.0,66.63333333333334
2017-06-19 06:00:00,2017,6,19,6,0,1,0.0,0.0,0.0,65.5
2017-06-19 06:30:00,2017,6,19,6,30,1,0.0,0.0,0.0,64.73333333333333
2017-06-19 07:00:00,2017,6,19,7,0,1,0.0,0.0,0.0,64.5
2017-06-19 07:30:00,2017,6,19,7,30,1,0.0,0.0,0.0,64.31666666666668
2017-06-19 08:00:00,2017,6,19,8,0,1,0.0,0.0,0.0,63.699999999999996
2017-06-19 08:30:00,2017,6,19,8,30,1,0.0,0.0,0.0,62.38333333333333
2017-06-19 09:00:00,2017,6,19,9,0,1,0.0,0.0,0.0,61.78333333333333
2017-06-19 09:30:00,2017,6,19,9,30,1,0.0,0.0,0.0,61.65
2017-06-19 10:00:00,2017,6,19,10,0,1,0.0,0.0,0.0,59.48333333333333
2017-06-19 10:30:00,2017,6,19,10,30,1,0.0,0.0,0.0,58.833333333333336
2017-06-19 11:00:00,2017,6,19,11,0,1,0.0,0.0,0.0,57.93333333333334
2017-06-19 11:30:00,2017,6,19,11,30,1,0.0,0.0,0.0,57.06666666666667
2017-06-19 12:00:00,2017,6,19,12,0,1,0.0,0.0,0.0,56.68333333333334
2017-06-19 12:30:00,2017,6,19,12,30,1,0.0,0.0,0.0,57.25
2017-06-19 13:00:00,2017,6,19,13,0,1,0.0,0.0,0.0,53.68333333333333
2017-06-19 13:30:00,2017,6,19,13,30,1,0.0,0.0,0.0,42.61666666666667
2017-06-19 14:00:00,2017,6,19,14,0,1,0.0,0.0,0.0,36.18333333333333
2017-06-19 14:30:00,2017,6,19,14,30,1,0.0,0.0,0.0,18.650000000000002
2017-06-19 15:00:00,2017,6,19,15,0,1,0.0,0.0,0.0,21.45
2017-06-19 15:30:00,2017,6,19,15,30,1,0.0,0.0,0.0,14.949999999999998
2017-06-19 16:00:00,2017,6,19,16,0,1,0.0,0.0,0.0,12.766666666666666
2017-06-19 16:30:00,2017,6,19,16,30,1,0.0,0.0,0.0,13.683333333333335
2017-06-19 17:00:00,2017,6,19,17,0,1,0.0,0.0,0.0,12.883333333333333
2017-06-19 17:30:00,2017,6,19,17,30,1,0.0,0.0,0.0,13.5
2017-06-19 18:00:00,2017,6,19,18,0,1,0.0,0.0,0.0,17.733333333333334
2017-06-19 18:30:00,2017,6,19,18,30,1,0.0,0.0,0.0,45.083333333333336
2017-06-19 19:00:00,2017,6,19,19,0,1,0.0,0.0,0.0,47.96666666666667
2017-06-19 19:30:00,2017,6,19,19,30,1,0.0,0.0,0.0,58.56666666666667
2017-06-19 20:00:00,2017,6,19,20,0,1,0.0,0.0,0.0,65.18333333333334
2017-06-19 20:30:00,2017,6,19,20,30,1,0.0,0.0,0.0,66.56666666666666
2017-06-19 21:00:00,2017,6,19,21,0,1,0.0,0.0,0.0,65.16666666666667
2017-06-19 21:30:00,2017,6,19,21,30,1,0.0,0.0,0.0,65.61666666666666
2017-06-19 22:00:00,2017,6,19,22,0,1,0.0,0.0,0.0,66.83333333333334
2017-06-19 22:30:00,2017,6,19,22,30,1,0.0,0.0,0.0,66.89999999999999
2017-06-19 23:00:00,2017,6,19,23,0,1,0.0,0.0,0.0,67.2
2017-06-19 23:30:00,2017,6,19,23,30,1,0.0,0.0,0.0,67.46666666666668
2017-06-20 00:00:00,2017,6,20,0,0,2,0.0,0.0,0.0,67.73333333333333
2017-06-20 00:30:00,2017,6,20,0,30,2,0.0,0.0,0.0,66.96666666666667
2017-06-20 01:00:00,2017,6,20,1,0,2,0.0,0.0,0.0,67.16666666666667
2017-06-20 01:30:00,2017,6,20,1,30,2,0.0,0.0,0.0,67.25
2017-06-20 02:00:00,2017,6,20,2,0,2,0.0,0.0,0.0,67.60000000000001
2017-06-20 02:30:00,2017,6,20,2,30,2,0.0,0.0,0.0,66.71666666666668
2017-06-20 03:00:00,2017,6,20,3,0,2,0.0,0.0,0.0,67.4
2017-06-20 03:30:00,2017,6,20,3,30,2,0.0,0.0,0.0,66.7
2017-06-20 04:00:00,2017,6,20,4,0,2,0.0,0.0,0.0,66.25
2017-06-20 04:30:00,2017,6,20,4,30,2,0.0,0.0,0.0,67.93333333333334
2017-06-20 05:00:00,2017,6,20,5,0,2,0.0,0.0,0.0,66.2
2017-06-20 05:30:00,2017,6,20,5,30,2,0.0,0.0,0.0,67.33333333333333
2017-06-20 06:00:00,2017,6,20,6,0,2,0.0,0.0,0.0,67.08333333333333
2017-06-20 06:30:00,2017,6,20,6,30,2,0.0,0.0,0.0,66.86666666666666
2017-06-20 07:00:00,2017,6,20,7,0,2,0.0,0.0,0.0,65.88333333333334
2017-06-20 07:30:00,2017,6,20,7,30,2,0.0,0.0,0.0,66.05
2017-06-20 08:00:00,2017,6,20,8,0,2,0.0,0.0,0.0,63.68333333333333
2017-06-20 08:30:00,2017,6,20,8,30,2,0.0,0.0,0.0,63.61666666666667
2017-06-20 09:00:00,2017,6,20,9,0,2,0.0,0.0,0.0,63.25
2017-06-20 09:30:00,2017,6,20,9,30,2,0.0,0.0,0.0,64.41666666666667
2017-06-20 10:00:00,2017,6,20,10,0,2,0.0,0.0,0.0,62.75
2017-06-20 10:30:00,2017,6,20,10,30,2,0.0,0.0,0.0,62.666666666666664
2017-06-20 11:00:00,2017,6,20,11,0,2,0.0,0.0,0.0,62.416666666666664
2017-06-20 11:30:00,2017,6,20,11,30,2,0.0,0.0,0.0,61.48333333333333
2017-06-20 12:00:00,2017,6,20,12,0,2,0.0,0.0,0.0,59.98333333333333
2017-06-20 12:30:00,2017,6,20,12,30,2,0.0,0.0,0.0,60.01666666666667
2017-06-20 13:00:00,2017,6,20,13,0,2,0.0,0.0,0.0,60.03333333333333
2017-06-20 13:30:00,2017,6,20,13,30,2,0.0,0.0,0.0,58.28333333333333
2017-06-20 14:00:00,2017,6,20,14,0,2,0.0,0.0,0.0,35.53333333333334
2017-06-20 14:30:00,2017,6,20,14,30,2,0.0,0.0,0.0,18.45
2017-06-20 15:00:00,2017,6,20,15,0,2,0.0,0.0,0.0,16.45
2017-06-20 15:30:00,2017,6,20,15,30,2,0.0,0.0,0.0,12.450000000000001
2017-06-20 16:00:00,2017,6,20,16,0,2,0.0,0.0,0.0,12.449999999999998
2017-06-20 16:30:00,2017,6,20,16,30,2,0.0,0.0,0.0,12.466666666666667
2017-06-20 17:00:00,2017,6,20,17,0,2,0.0,0.0,0.0,10.933333333333332
2017-06-20 17:30:00,2017,6,20,17,30,2,0.0,0.0,0.0,11.5
2017-06-20 18:00:00,2017,6,20,18,0,2,0.0,0.0,0.0,13.116666666666665
2017-06-20 18:30:00,2017,6,20,18,30,2,0.0,0.0,0.0,17.05
2017-06-20 19:00:00,2017,6,20,19,0,2,0.0,0.0,0.0,20.433333333333334
2017-06-20 19:30:00,2017,6,20,19,30,2,0.0,0.0,0.0,39.483333333333334
2017-06-20 20:00:00,2017,6,20,20,0,2,0.0,0.0,0.0,62.1
2017-06-20 20:30:00,2017,6,20,20,30,2,0.0,0.0,0.0,67.1
2017-06-20 21:00:00,2017,6,20,21,0,2,0.0,0.0,0.0,66.78333333333333
2017-06-20 21:30:00,2017,6,20,21,30,2,0.0,0.0,0.0,66.88333333333334
2017-06-20 22:00:00,2017,6,20,22,0,2,0.0,0.0,0.0,67.35000000000001
2017-06-20 22:30:00,2017,6,20,22,30,2,0.0,0.0,0.0,68.4
2017-06-20 23:00:00,2017,6,20,23,0,2,0.0,0.0,0.0,68.46666666666667
2017-06-20 23:30:00,2017,6,20,23,30,2,0.0,0.0,0.0,68.46666666666665
2017-06-21 00:00:00,2017,6,21,0,0,3,0.0,0.0,0.0,67.68333333333334
2017-06-21 00:30:00,2017,6,21,0,30,3,0.0,0.0,0.0,67.61666666666666
2017-06-21 01:00:00,2017,6,21,1,0,3,0.0,0.0,0.0,66.98333333333333
2017-06-21 01:30:00,2017,6,21,1,30,3,0.0,0.0,0.0,67.55
2017-06-21 02:00:00,2017,6,21,2,0,3,0.0,0.0,0.0,67.31666666666666
2017-06-21 02:30:00,2017,6,21,2,30,3,0.0,0.0,0.0,67.13333333333334
2017-06-21 03:00:00,2017,6,21,3,0,3,0.0,0.0,0.0,66.91666666666666
2017-06-21 03:30:00,2017,6,21,3,30,3,0.0,0.0,0.0,67.36666666666667
2017-06-21 04:00:00,2017,6,21,4,0,3,0.0,0.0,0.0,66.33333333333333
2017-06-21 04:30:00,2017,6,21,4,30,3,0.0,0.0,0.0,66.55000000000001
2017-06-21 05:00:00,2017,6,21,5,0,3,0.0,0.0,0.0,65.8
2017-06-21 05:30:00,2017,6,21,5,30,3,0.0,0.0,0.0,69.71666666666668
2017-06-21 06:00:00,2017,6,21,6,0,3,0.0,0.0,0.0,65.39999999999999
2017-06-21 06:30:00,2017,6,21,6,30,3,0.0,0.0,0.0,67.03333333333332
2017-06-21 07:00:00,2017,6,21,7,0,3,0.0,0.0,0.0,65.53333333333333
2017-06-21 07:30:00,2017,6,21,7,30,3,0.0,0.0,0.0,65.63333333333334
2017-06-21 08:00:00,2017,6,21,8,0,3,0.0,0.0,0.0,64.96666666666665
2017-06-21 08:30:00,2017,6,21,8,30,3,0.0,0.0,0.0,62.25000000000001
2017-06-21 09:00:00,2017,6,21,9,0,3,0.0,0.0,0.0,62.11666666666667
2017-06-21 09:30:00,2017,6,21,9,30,3,0.0,0.0,0.0,62.03333333333334
2017-06-21 10:00:00,2017,6,21,10,0,3,0.0,0.0,0.0,62.68333333333334
2017-06-21 10:30:00,2017,6,21,10,30,3,0.0,0.0,0.0,62.583333333333336
2017-06-21 11:00:00,2017,6,21,11,0,3,0.0,0.0,0.0,62.79999999999999
2017-06-21 11:30:00,2017,6,21,11,30,3,0.0,0.0,0.0,60.35
2017-06-21 12:00:00,2017,6,21,12,0,3,0.0,0.0,0.0,61.833333333333336
2017-06-21 12:30:00,2017,6,21,12,30,3,0.0,0.0,0.0,61.36666666666667
2017-06-21 13:00:00,2017,6,21,13,0,3,0.0,0.0,0.0,59.43333333333334
2017-06-21 13:30:00,2017,6,21,13,30,3,0.0,0.0,0.0,58.416666666666664
2017-06-21 14:00:00,2017,6,21,14,0,3,0.0,0.0,0.0,38.300000000000004
2017-06-21 14:30:00,2017,6,21,14,30,3,0.0,0.0,0.0,17.116666666666667
2017-06-21 15:00:00,2017,6,21,15,0,3,0.0,0.0,0.0,13.299999999999999
2017-06-21 15:30:00,2017,6,21,15,30,3,0.0,0.0,0.0,11.633333333333333
2017-06-21 16:00:00,2017,6,21,16,0,3,0.0,0.0,0.0,11.933333333333332
2017-06-21 16:30:00,2017,6,21,16,30,3,0.0,0.0,0.0,10.933333333333335
2017-06-21 17:00:00,2017,6,21,17,0,3,0.0,0.0,0.0,10.149999999999999
2017-06-21 17:30:00,2017,6,21,17,30,3,0.0,0.0,0.0,8.916666666666666
2017-06-21 18:00:00,2017,6,21,18,0,3,0.0,0.0,0.0,10.683333333333332
2017-06-21 18:30:00,2017,6,21,18,30,3,0.0,0.0,0.0,11.500000000000002
2017-06-21 19:00:00,2017,6,21,19,0,3,0.0,0.0,0.0,15.516666666666666
2017-06-21 19:30:00,2017,6,21,19,30,3,0.0,0.0,0.0,21.683333333333337
2017-06-21 20:00:00,2017,6,21,20,0,3,0.0,0.0,0.0,27.966666666666665
2017-06-21 20:30:00,2017,6,21,20,30,3,0.0,0.0,0.0,63.56666666666666
2017-06-21 21:00:00,2017,6,21,21,0,3,0.0,0.0,0.0,66.71666666666665
2017-06-21 21:30:00,2017,6,21,21,30,3,0.0,0.0,0.0,67.48333333333333
2017-06-21 22:00:00,2017,6,21,22,0,3,0.0,0.0,0.0,66.41666666666667
2017-06-21 22:30:00,2017,6,21,22,30,3,0.0,0.0,0.0,68.33333333333333
2017-06-21 23:00:00,2017,6,21,23,0,3,0.0,0.0,0.0,68.61666666666666
2017-06-21 23:30:00,2017,6,21,23,30,3,0.0,0.0,0.0,67.74999999999999
2017-06-22 00:00:00,2017,6,22,0,0,4,0.0,0.0,0.0,67.14999999999999
2017-06-22 00:30:00,2017,6,22,0,30,4,0.0,0.0,0.0,67.00000000000001
2017-06-22 01:00:00,2017,6,22,1,0,4,0.0,0.0,0.0,67.88333333333334
2017-06-22 01:30:00,2017,6,22,1,30,4,0.0,0.0,0.0,67.43333333333332
2017-06-22 02:00:00,2017,6,22,2,0,4,0.0,0.0,0.0,67.33333333333333
2017-06-22 02:30:00,2017,6,22,2,30,4,0.0,0.0,0.0,67.21666666666667
2017-06-22 03:00:00,2017,6,22,3,0,4,0.0,0.0,0.0,67.03333333333335
2017-06-22 03:30:00,2017,6,22,3,30,4,0.0,0.0,0.0,67.03333333333333
2017-06-22 04:00:00,2017,6,22,4,0,4,0.0,0.0,0.0,66.66666666666666
2017-06-22 04:30:00,2017,6,22,4,30,4,0.0,0.0,0.0,66.93333333333334
2017-06-22 05:00:00,2017,6,22,5,0,4,0.0,0.0,0.0,66.3
2017-06-22 05:30:00,2017,6,22,5,30,4,0.0,0.0,0.0,68.3
2017-06-22 06:00:00,2017,6,22,6,0,4,0.0,0.0,0.0,67.3
2017-06-22 06:30:00,2017,6,22,6,30,4,0.0,0.0,0.0,67.38333333333334
2017-06-22 07:00:00,2017,6,22,7,0,4,0.0,0.0,0.0,66.61666666666667
2017-06-22 07:30:00,2017,6,22,7,30,4,0.0,0.0,0.0,65.26666666666667
2017-06-22 08:00:00,2017,6,22,8,0,4,0.0,0.0,0.0,64.68333333333334
2017-06-22 08:30:00,2017,6,22,8,30,4,0.0,0.0,0.0,63.9
2017-06-22 09:00:00,2017,6,22,9,0,4,0.0,0.0,0.0,64.05
2017-06-22 09:30:00,2017,6,22,9,30,4,0.0,0.0,0.0,65.68333333333334
2017-06-22 10:00:00,2017,6,22,10,0,4,0.0,0.0,0.0,61.28333333333333
2017-06-22 10:30:00,2017,6,22,10,30,4,0.0,0.0,0.0,60.61666666666667
2017-06-22 11:00:00,2017,6,22,11,0,4,0.0,0.0,0.0,61.38333333333333
2017-06-22 11:30:00,2017,6,22,11,30,4,0.0,0.0,0.0,60.35
2017-06-22 12:00:00,2017,6,22,12,0,4,0.0,0.0,0.0,60.73333333333333
2017-06-22 12:30:00,2017,6,22,12,30,4,0.0,0.0,0.0,60.46666666666666
2017-06-22 13:00:00,2017,6,22,13,0,4,0.0,0.0,0.0,58.51666666666666
2017-06-22 13:30:00,2017,6,22,13,30,4,0.0,0.0,0.0,57.800000000000004
2017-06-22 14:00:00,2017,6,22,14,0,4,0.0,0.0,0.0,33.96666666666666
2017-06-22 14:30:00,2017,6,22,14,30,4,0.0,0.0,0.0,18.600000000000005
2017-06-22 15:00:00,2017,6,22,15,0,4,0.0,0.0,0.0,14.149999999999999
2017-06-22 15:30:00,2017,6,22,15,30,4,0.0,0.0,0.0,11.166666666666666
2017-06-22 16:00:00,2017,6,22,16,0,4,0.0,0.0,0.0,11.366666666666667
2017-06-22 16:30:00,2017,6,22,16,30,4,0.0,0.0,0.0,11.066666666666668
2017-06-22 17:00:00,2017,6,22,17,0,4,0.0,0.0,0.0,10.983333333333334
2017-06-22 17:30:00,2017,6,22,17,30,4,0.0,0.0,0.0,11.816666666666665
2017-06-22 18:00:00,2017,6,22,18,0,4,0.0,0.0,0.0,15.700000000000001
2017-06-22 18:30:00,2017,6,22,18,30,4,0.0,0.0,0.0,28.883333333333336
2017-06-22 19:00:00,2017,6,22,19,0,4,0.0,0.0,0.0,37.83333333333333
2017-06-22 19:30:00,2017,6,22,19,30,4,0.0,0.0,0.0,26.016666666666666
2017-06-22 20:00:00,2017,6,22,20,0,4,0.0,0.0,0.0,62.333333333333336
2017-06-22 20:30:00,2017,6,22,20,30,4,0.0,0.0,0.0,67.25
2017-06-22 21:00:00,2017,6,22,21,0,4,0.0,0.0,0.0,67.86666666666666
2017-06-22 21:30:00,2017,6,22,21,30,4,0.0,0.0,0.0,68.23333333333333
2017-06-22 22:00:00,2017,6,22,22,0,4,0.0,0.0,0.0,67.53333333333332
2017-06-22 22:30:00,2017,6,22,22,30,4,0.0,0.0,0.0,69.35000000000001
2017-06-22 23:00:00,2017,6,22,23,0,4,0.0,0.0,0.0,68.9
2017-06-22 23:30:00,2017,6,22,23,30,4,0.0,0.0,0.0,69.85000000000001
2017-06-23 00:00:00,2017,6,23,0,0,5,0.0,0.0,0.0,68.8
2017-06-23 00:30:00,2017,6,23,0,30,5,0.0,0.0,0.0,67.41666666666667
2017-06-23 01:00:00,2017,6,23,1,0,5,0.0,0.0,0.0,67.61666666666666
2017-06-23 01:30:00,2017,6,23,1,30,5,0.0,0.0,0.0,67.51666666666667
2017-06-23 02:00:00,2017,6,23,2,0,5,0.0,0.0,0.0,66.68333333333334
2017-06-23 02:30:00,2017,6,23,2,30,5,0.0,0.0,0.0,66.33333333333333
2017-06-23 03:00:00,2017,6,23,3,0,5,0.0,0.0,0.0,67.2
2017-06-23 03:30:00,2017,6,23,3,30,5,0.0,0.0,0.0,66.61666666666666
2017-06-23 04:00:00,2017,6,23,4,0,5,0.0,0.0,0.0,65.16666666666667
2017-06-23 04:30:00,2017,6,23,4,30,5,0.0,0.0,0.0,67.78333333333333
2017-06-23 05:00:00,2017,6,23,5,0,5,0.0,0.0,0.0,66.43333333333332
2017-06-23 05:30:00,2017,6,23,5,30,5,0.0,0.0,0.0,68.98333333333333
2017-06-23 06:00:00,2017,6,23,6,0,5,0.0,0.0,0.0,66.36666666666666
2017-06-23 06:30:00,2017,6,23,6,30,5,0.0,0.0,0.0,64.88333333333333
2017-06-23 07:00:00,2017,6,23,7,0,5,0.0,0.0,0.0,64.56666666666666
2017-06-23 07:30:00,2017,6,23,7,30,5,0.0,0.0,0.0,63.61666666666667
2017-06-23 08:00:00,2017,6,23,8,0,5,0.0,0.0,0.0,63.699999999999996
2017-06-23 08:30:00,2017,6,23,8,30,5,0.0,0.0,0.0,63.5
2017-06-23 09:00:00,2017,6,23,9,0,5,0.0,0.0,0.0,62.01666666666667
2017-06-23 09:30:00,2017,6,23,9,30,5,0.0,0.0,0.0,61.199999999999996
2017-06-23 10:00:00,2017,6,23,10,0,5,0.0,0.0,0.0,60.866666666666674
2017-06-23 10:30:00,2017,6,23,10,30,5,0.0,0.0,0.0,61.583333333333336
2017-06-23 11:00:00,2017,6,23,11,0,5,0.0,0.0,0.0,61.416666666666664
2017-06-23 11:30:00,2017,6,23,11,30,5,0.0,0.0,0.0,60.26666666666667
2017-06-23 12:00:00,2017,6,23,12,0,5,0.0,0.0,0.0,59.35
2017-06-23 12:30:00,2017,6,23,12,30,5,0.0,0.0,0.0,60.050000000000004
2017-06-23 13:00:00,2017,6,23,13,0,5,0.0,0.0,0.0,45.083333333333336
2017-06-23 13:30:00,2017,6,23,13,30,5,0.0,0.0,0.0,38.800000000000004
2017-06-23 14:00:00,2017,6,23,14,0,5,0.0,0.0,0.0,18.783333333333335
2017-06-23 14:30:00,2017,6,23,14,30,5,0.0,0.0,0.0,13.100000000000001
2017-06-23 15:00:00,2017,6,23,15,0,5,0.0,0.0,0.0,11.733333333333333
2017-06-23 15:30:00,2017,6,23,15,30,5,0.0,0.0,0.0,10.133333333333333
2017-06-23 16:00:00,2017,6,23,16,0,5,0.0,0.0,0.0,10.266666666666667
2017-06-23 16:30:00,2017,6,23,16,30,5,0.0,0.0,0.0,10.183333333333335
2017-06-23 17:00:00,2017,6,23,17,0,5,0.0,0.0,0.0,11.183333333333332
2017-06-23 17:30:00,2017,6,23,17,30,5,0.0,0.0,0.0,12.100000000000001
2017-06-23 18:00:00,2017,6,23,18,0,5,0.0,0.0,0.0,13.549999999999999
2017-06-23 18:30:00,2017,6,23,18,30,5,0.0,0.0,0.0,17.549999999999997
2017-06-23 19:00:00,2017,6,23,19,0,5,0.0,0.0,0.0,27.933333333333334
2017-06-23 19:30:00,2017,6,23,19,30,5,0.0,0.0,0.0,58.31666666666666
2017-06-23 20:00:00,2017,6,23,20,0,5,0.0,0.0,0.0,65.91666666666667
2017-06-23 20:30:00,2017,6,23,20,30,5,0.0,0.0,0.0,66.14999999999999
2017-06-23 21:00:00,2017,6,23,21,0,5,0.0,0.0,0.0,65.01666666666667
2017-06-23 21:30:00,2017,6,23,21,30,5,0.0,0.0,0.0,65.36666666666667
2017-06-23 22:00:00,2017,6,23,22,0,5,0.0,0.0,0.0,66.39999999999999
2017-06-23 22:30:00,2017,6,23,22,30,5,0.0,0.0,0.0,68.28333333333332
2017-06-23 23:00:00,2017,6,23,23,0,5,0.0,0.0,0.0,66.96666666666667
2017-06-23 23:30:00,2017,6,23,23,30,5,0.0,0.0,0.0,68.28333333333332
2017-06-24 00:00:00,2017,6,24,0,0,6,0.0,0.0,0.0,66.65
2017-06-24 00:30:00,2017,6,24,0,30,6,0.0,0.0,0.0,67.91666666666667
2017-06-24 01:00:00,2017,6,24,1,0,6,0.0,0.0,0.0,67.61666666666666
2017-06-24 01:30:00,2017,6,24,1,30,6,0.0,0.0,0.0,66.93333333333332
2017-06-24 02:00:00,2017,6,24,2,0,6,0.0,0.0,0.0,67.65
2017-06-24 02:30:00,2017,6,24,2,30,6,0.0,0.0,0.0,67.93333333333334
2017-06-24 03:00:00,2017,6,24,3,0,6,0.0,0.0,0.0,67.5
2017-06-24 03:30:00,2017,6,24,3,30,6,0.0,0.0,0.0,67.48333333333333
2017-06-24 04:00:00,2017,6,24,4,0,6,0.0,0.0,0.0,67.35
2017-06-24 04:30:00,2017,6,24,4,30,6,0.0,0.0,0.0,67.75
2017-06-24 05:00:00,2017,6,24,5,0,6,0.0,0.0,0.0,67.76666666666667
2017-06-24 05:30:00,2017,6,24,5,30,6,0.0,0.0,0.0,68.7
2017-06-24 06:00:00,2017,6,24,6,0,6,0.0,0.0,0.0,67.76666666666667
2017-06-24 06:30:00,2017,6,24,6,30,6,0.0,0.0,0.0,67.28333333333333
2017-06-24 07:00:00,2017,6,24,7,0,6,0.0,0.0,0.0,66.93333333333334
2017-06-24 07:30:00,2017,6,24,7,30,6,0.0,0.0,0.0,67.96666666666665
2017-06-24 08:00:00,2017,6,24,8,0,6,0.0,0.0,0.0,66.95
2017-06-24 08:30:00,2017,6,24,8,30,6,0.0,0.0,0.0,65.00000000000001
2017-06-24 09:00:00,2017,6,24,9,0,6,0.0,0.0,0.0,66.18333333333334
2017-06-24 09:30:00,2017,6,24,9,30,6,0.0,0.0,0.0,66.41666666666667
2017-06-24 10:00:00,2017,6,24,10,0,6,0.0,0.0,0.0,66.2
2017-06-24 10:30:00,2017,6,24,10,30,6,0.0,0.0,0.0,65.50000000000001
2017-06-24 11:00:00,2017,6,24,11,0,6,0.0,0.0,0.0,63.0
2017-06-24 11:30:00,2017,6,24,11,30,6,0.0,0.0,0.0,64.85
2017-06-24 12:00:00,2017,6,24,12,0,6,0.0,0.0,0.0,64.34999999999998
2017-06-24 12:30:00,2017,6,24,12,30,6,0.0,0.0,0.0,64.7
2017-06-24 13:00:00,2017,6,24,13,0,6,0.0,0.0,0.0,60.9
2017-06-24 13:30:00,2017,6,24,13,30,6,0.0,0.0,0.0,63.43333333333334
2017-06-24 14:00:00,2017,6,24,14,0,6,0.0,0.0,0.0,63.416666666666664
2017-06-24 14:30:00,2017,6,24,14,30,6,0.0,0.0,0.0,63.20000000000001
2017-06-24 15:00:00,2017,6,24,15,0,6,0.0,0.0,0.0,63.416666666666664
2017-06-24 15:30:00,2017,6,24,15,30,6,0.0,0.0,0.0,63.949999999999996
2017-06-24 16:00:00,2017,6,24,16,0,6,0.0,0.0,0.0,64.64999999999999
2017-06-24 16:30:00,2017,6,24,16,30,6,0.0,0.0,0.0,65.71666666666668
2017-06-24 17:00:00,2017,6,24,17,0,6,0.0,0.0,0.0,65.21666666666667
2017-06-24 17:30:00,2017,6,24,17,30,6,0.0,0.0,0.0,65.05
2017-06-24 18:00:00,2017,6,24,18,0,6,0.0,0.0,0.0,65.41666666666667
2017-06-24 18:30:00,2017,6,24,18,30,6,0.0,0.0,0.0,65.69999999999999
2017-06-24 19:00:00,2017,6,24,19,0,6,0.0,0.0,0.0,66.81666666666668
2017-06-24 19:30:00,2017,6,24,19,30,6,0.0,0.0,0.0,66.44999999999999
2017-06-24 20:00:00,2017,6,24,20,0,6,0.0,0.0,0.0,66.58333333333333
2017-06-24 20:30:00,2017,6,24,20,30,6,0.0,0.0,0.0,66.44999999999999
2017-06-24 21:00:00,2017,6,24,21,0,6,0.0,0.0,0.0,65.88333333333334
2017-06-24 21:30:00,2017,6,24,21,30,6,0.0,0.0,0.0,64.83333333333333
2017-06-24 22:00:00,2017,6,24,22,0,6,0.0,0.0,0.0,65.28333333333333
2017-06-24 22:30:00,2017,6,24,22,30,6,0.0,0.0,0.0,68.55
2017-06-24 23:00:00,2017,6,24,23,0,6,0.0,0.0,0.0,68.53333333333333
2017-06-24 23:30:00,2017,6,24,23,30,6,0.0,0.0,0.0,69.55000000000001
2017-06-25 00:00:00,2017,6,25,0,0,7,0.0,0.0,0.0,68.10000000000001
2017-06-25 00:30:00,2017,6,25,0,30,7,0.0,0.0,0.0,68.66666666666666
2017-06-25 01:00:00,2017,6,25,1,0,7,0.0,0.0,0.0,68.13333333333333
2017-06-25 01:30:00,2017,6,25,1,30,7,0.0,0.0,0.0,68.13333333333334
2017-06-25 02:00:00,2017,6,25,2,0,7,0.0,0.0,0.0,67.76666666666667
2017-06-25 02:30:00,2017,6,25,2,30,7,0.0,0.0,0.0,67.56666666666666
2017-06-25 03:00:00,2017,6,25,3,0,7,0.0,0.0,0.0,67.73333333333333
2017-06-25 03:30:00,2017,6,25,3,30,7,0.0,0.0,0.0,67.76666666666667
2017-06-25 04:00:00,2017,6,25,4,0,7,0.0,0.0,0.0,67.35000000000001
2017-06-25 04:30:00,2017,6,25,4,30,7,0.0,0.0,0.0,67.45
2017-06-25 05:00:00,2017,6,25,5,0,7,0.0,0.0,0.0,67.33333333333333
2017-06-25 05:30:00,2017,6,25,5,30,7,0.0,0.0,0.0,67.3
2017-06-25 06:00:00,2017,6,25,6,0,7,0.0,0.0,0.0,67.43333333333334
2017-06-25 06:30:00,2017,6,25,6,30,7,0.0,0.0,0.0,67.25
2017-06-25 07:00:00,2017,6,25,7,0,7,0.0,0.0,0.0,67.74999999999999
2017-06-25 07:30:00,2017,6,25,7,30,7,0.0,0.0,0.0,67.9
2017-06-25 08:00:00,2017,6,25,8,0,7,0.0,0.0,0.0,66.3
2017-06-25 08:30:00,2017,6,25,8,30,7,0.0,0.0,0.0,66.06666666666668
2017-06-25 09:00:00,2017,6,25,9,0,7,0.0,0.0,0.0,66.0
2017-06-25 09:30:00,2017,6,25,9,30,7,0.0,0.0,0.0,65.7
2017-06-25 10:00:00,2017,6,25,10,0,7,0.0,0.0,0.0,65.28333333333335
2017-06-25 10:30:00,2017,6,25,10,30,7,0.0,0.0,0.0,64.76666666666667
2017-06-25 11:00:00,2017,6,25,11,0,7,0.0,0.0,0.0,64.48333333333333
2017-06-25 11:30:00,2017,6,25,11,30,7,0.0,0.0,0.0,63.300000000000004
2017-06-25 12:00:00,2017,6,25,12,0,7,0.0,0.0,0.0,62.71666666666667
2017-06-25 12:30:00,2017,6,25,12,30,7,0.0,0.0,0.0,62.550000000000004
2017-06-25 13:00:00,2017,6,25,13,0,7,0.0,0.0,0.0,62.71666666666667
2017-06-25 13:30:00,2017,6,25,13,30,7,0.0,0.0,0.0,62.800000000000004
2017-06-25 14:00:00,2017,6,25,14,0,7,0.0,0.0,0.0,62.416666666666664
2017-06-25 14:30:00,2017,6,25,14,30,7,0.0,0.0,0.0,62.550000000000004
2017-06-25 15:00:00,2017,6,25,15,0,7,0.0,0.0,0.0,63.24999999999999
2017-06-25 15:30:00,2017,6,25,15,30,7,0.0,0.0,0.0,63.25
2017-06-25 16:00:00,2017,6,25,16,0,7,0.0,0.0,0.0,63.85
2017-06-25 16:30:00,2017,6,25,16,30,7,0.0,0.0,0.0,63.599999999999994
2017-06-25 17:00:00,2017,6,25,17,0,7,0.0,0.0,0.0,63.25
2017-06-25 17:30:00,2017,6,25,17,30,7,0.0,0.0,0.0,63.45000000000001
2017-06-25 18:00:00,2017,6,25,18,0,7,0.0,0.0,0.0,64.21666666666665
2017-06-25 18:30:00,2017,6,25,18,30,7,0.0,0.0,0.0,64.0
2017-06-25 19:00:00,2017,6,25,19,0,7,0.0,0.0,0.0,64.48333333333333
2017-06-25 19:30:00,2017,6,25,19,30,7,0.0,0.0,0.0,64.06666666666666
2017-06-25 20:00:00,2017,6,25,20,0,7,0.0,0.0,0.0,64.33333333333333
2017-06-25 20:30:00,2017,6,25,20,30,7,0.0,0.0,0.0,64.85
2017-06-25 21:00:00,2017,6,25,21,0,7,0.0,0.0,0.0,65.93333333333334
2017-06-25 21:30:00,2017,6,25,21,30,7,0.0,0.0,0.0,66.56666666666668
2017-06-25 22:00:00,2017,6,25,22,0,7,0.0,0.0,0.0,66.36666666666667
2017-06-25 22:30:00,2017,6,25,22,30,7,0.0,0.0,0.0,66.96666666666668
2017-06-25 23:00:00,2017,6,25,23,0,7,0.0,0.0,0.0,66.3
2017-06-25 23:30:00,2017,6,25,23,30,7,0.0,0.0,0.0,68.39999999999999
2017-06-26 00:00:00,2017,6,26,0,0,1,0.0,0.0,0.0,68.51666666666667
2017-06-26 00:30:00,2017,6,26,0,30,1,0.0,0.0,0.0,67.94999999999999
2017-06-26 01:00:00,2017,6,26,1,0,1,0.0,0.0,0.0,68.06666666666668
2017-06-26 01:30:00,2017,6,26,1,30,1,0.0,0.0,0.0,67.86666666666667
2017-06-26 02:00:00,2017,6,26,2,0,1,0.0,0.0,0.0,67.53333333333332
2017-06-26 02:30:00,2017,6,26,2,30,1,0.0,0.0,0.0,67.55
2017-06-26 03:00:00,2017,6,26,3,0,1,0.0,0.0,0.0,67.25
2017-06-26 03:30:00,2017,6,26,3,30,1,0.0,0.0,0.0,66.93333333333334
2017-06-26 04:00:00,2017,6,26,4,0,1,0.0,0.0,0.0,66.45
2017-06-26 04:30:00,2017,6,26,4,30,1,0.0,0.0,0.0,66.01666666666667
2017-06-26 05:00:00,2017,6,26,5,0,1,0.0,0.0,0.0,66.43333333333334
2017-06-26 05:30:00,2017,6,26,5,30,1,0.0,0.0,0.0,66.03333333333332
2017-06-26 06:00:00,2017,6,26,6,0,1,0.0,0.0,0.0,66.85000000000001
2017-06-26 06:30:00,2017,6,26,6,30,1,0.0,0.0,0.0,65.1
2017-06-26 07:00:00,2017,6,26,7,0,1,0.0,0.0,0.0,62.48333333333333
2017-06-26 07:30:00,2017,6,26,7,30,1,0.0,0.0,0.0,64.38333333333333
2017-06-26 08:00:00,2017,6,26,8,0,1,0.0,0.0,0.0,62.93333333333334
2017-06-26 08:30:00,2017,6,26,8,30,1,0.0,0.0,0.0,61.03333333333333
2017-06-26 09:00:00,2017,6,26,9,0,1,0.0,0.0,0.0,61.333333333333336
2017-06-26 09:30:00,2017,6,26,9,30,1,0.0,0.0,0.0,60.65
2017-06-26 10:00:00,2017,6,26,10,0,1,0.0,0.0,0.0,61.01666666666666
2017-06-26 10:30:00,2017,6,26,10,30,1,0.0,0.0,0.0,59.699999999999996
2017-06-26 11:00:00,2017,6,26,11,0,1,0.0,0.0,0.0,59.16666666666668
2017-06-26 11:30:00,2017,6,26,11,30,1,0.0,0.0,0.0,58.51666666666667
2017-06-26 12:00:00,2017,6,26,12,0,1,0.0,0.0,0.0,58.9
2017-06-26 12:30:00,2017,6,26,12,30,1,0.0,0.0,0.0,59.48333333333333
2017-06-26 13:00:00,2017,6,26,13,0,1,0.0,0.0,0.0,58.800000000000004
2017-06-26 13:30:00,2017,6,26,13,30,1,0.0,0.0,0.0,57.06666666666667
2017-06-26 14:00:00,2017,6,26,14,0,1,0.0,0.0,0.0,47.35
2017-06-26 14:30:00,2017,6,26,14,30,1,0.0,0.0,0.0,19.1
2017-06-26 15:00:00,2017,6,26,15,0,1,0.0,0.0,0.0,15.649999999999999
2017-06-26 15:30:00,2017,6,26,15,30,1,0.0,0.0,0.0,12.9
2017-06-26 16:00:00,2017,6,26,16,0,1,0.0,0.0,0.0,14.166666666666666
2017-06-26 16:30:00,2017,6,26,16,30,1,0.0,0.0,0.0,14.316666666666665
2017-06-26 17:00:00,2017,6,26,17,0,1,0.0,0.0,0.0,13.399999999999999
2017-06-26 17:30:00,2017,6,26,17,30,1,0.0,0.0,0.0,13.716666666666667
2017-06-26 18:00:00,2017,6,26,18,0,1,0.0,0.0,0.0,14.716666666666667
2017-06-26 18:30:00,2017,6,26,18,30,1,0.0,0.0,0.0,16.766666666666666
2017-06-26 19:00:00,2017,6,26,19,0,1,0.0,0.0,0.0,52.1
2017-06-26 19:30:00,2017,6,26,19,30,1,0.0,0.0,0.0,63.800000000000004
2017-06-26 20:00:00,2017,6,26,20,0,1,0.0,0.0,0.0,63.100000000000016
2017-06-26 20:30:00,2017,6,26,20,30,1,0.0,0.0,0.0,66.45
2017-06-26 21:00:00,2017,6,26,21,0,1,0.0,0.0,0.0,65.39999999999999
2017-06-26 21:30:00,2017,6,26,21,30,1,0.0,0.0,0.0,65.71666666666665
2017-06-26 22:00:00,2017,6,26,22,0,1,0.0,0.0,0.0,67.43333333333332
2017-06-26 22:30:00,2017,6,26,22,30,1,0.0,0.0,0.0,68.55
2017-06-26 23:00:00,2017,6,26,23,0,1,0.0,0.0,0.0,68.45
2017-06-26 23:30:00,2017,6,26,23,30,1,0.0,0.0,0.0,68.73333333333333
2017-06-27 00:00:00,2017,6,27,0,0,2,0.0,0.0,0.0,67.18333333333334
2017-06-27 00:30:00,2017,6,27,0,30,2,0.0,0.0,0.0,67.3
2017-06-27 01:00:00,2017,6,27,1,0,2,0.0,0.0,0.0,67.21666666666668
2017-06-27 01:30:00,2017,6,27,1,30,2,0.0,0.0,0.0,67.28333333333332
2017-06-27 02:00:00,2017,6,27,2,0,2,0.0,0.0,0.0,67.08333333333333
2017-06-27 02:30:00,2017,6,27,2,30,2,0.0,0.0,0.0,66.86666666666666
2017-06-27 03:00:00,2017,6,27,3,0,2,0.0,0.0,0.0,67.38333333333334
2017-06-27 03:30:00,2017,6,27,3,30,2,0.0,0.0,0.0,66.63333333333333
2017-06-27 04:00:00,2017,6,27,4,0,2,0.0,0.0,0.0,65.86666666666666
2017-06-27 04:30:00,2017,6,27,4,30,2,0.0,0.0,0.0,67.36666666666666
2017-06-27 05:00:00,2017,6,27,5,0,2,0.0,0.0,0.0,64.63333333333333
2017-06-27 05:30:00,2017,6,27,5,30,2,0.0,0.0,0.0,65.85000000000001
2017-06-27 06:00:00,2017,6,27,6,0,2,0.0,0.0,0.0,66.60000000000001
2017-06-27 06:30:00,2017,6,27,6,30,2,0.0,0.0,0.0,66.53333333333332
2017-06-27 07:00:00,2017,6,27,7,0,2,0.0,0.0,0.0,65.91666666666667
2017-06-27 07:30:00,2017,6,27,7,30,2,0.0,0.0,0.0,65.51666666666667
2017-06-27 08:00:00,2017,6,27,8,0,2,0.0,0.0,0.0,63.699999999999996
2017-06-27 08:30:00,2017,6,27,8,30,2,0.0,0.0,0.0,63.300000000000004
2017-06-27 09:00:00,2017,6,27,9,0,2,0.0,0.0,0.0,62.50000000000001
2017-06-27 09:30:00,2017,6,27,9,30,2,0.0,0.0,0.0,63.04999999999999
2017-06-27 10:00:00,2017,6,27,10,0,2,0.0,0.0,0.0,61.666666666666664
2017-06-27 10:30:00,2017,6,27,10,30,2,0.0,0.0,0.0,60.599999999999994
2017-06-27 11:00:00,2017,6,27,11,0,2,0.0,0.0,0.0,61.300000000000004
2017-06-27 11:30:00,2017,6,27,11,30,2,0.0,0.0,0.0,60.949999999999996
2017-06-27 12:00:00,2017,6,27,12,0,2,0.0,0.0,0.0,60.31666666666667
2017-06-27 12:30:00,2017,6,27,12,30,2,0.0,0.0,0.0,58.81666666666666
2017-06-27 13:00:00,2017,6,27,13,0,2,0.0,0.0,0.0,60.13333333333333
2017-06-27 13:30:00,2017,6,27,13,30,2,0.0,0.0,0.0,58.66666666666668
2017-06-27 14:00:00,2017,6,27,14,0,2,0.0,0.0,0.0,41.733333333333334
2017-06-27 14:30:00,2017,6,27,14,30,2,0.0,0.0,0.0,18.366666666666667
2017-06-27 15:00:00,2017,6,27,15,0,2,0.0,0.0,0.0,15.200000000000001
2017-06-27 15:30:00,2017,6,27,15,30,2,0.0,0.0,0.0,12.266666666666667
2017-06-27 16:00:00,2017,6,27,16,0,2,0.0,0.0,0.0,11.866666666666667
2017-06-27 16:30:00,2017,6,27,16,30,2,0.0,0.0,0.0,11.75
2017-06-27 17:00:00,2017,6,27,17,0,2,0.0,0.0,0.0,9.983333333333334
2017-06-27 17:30:00,2017,6,27,17,30,2,0.0,0.0,0.0,9.866666666666667
2017-06-27 18:00:00,2017,6,27,18,0,2,0.0,0.0,0.0,12.15
2017-06-27 18:30:00,2017,6,27,18,30,2,0.0,0.0,0.0,14.100000000000001
2017-06-27 19:00:00,2017,6,27,19,0,2,0.0,0.0,0.0,16.783333333333335
2017-06-27 19:30:00,2017,6,27,19,30,2,0.0,0.0,0.0,19.583333333333332
2017-06-27 20:00:00,2017,6,27,20,0,2,0.0,0.0,0.0,51.4
2017-06-27 20:30:00,2017,6,27,20,30,2,0.0,0.0,0.0,66.5
2017-06-27 21:00:00,2017,6,27,21,0,2,0.0,0.0,0.0,67.21666666666667
2017-06-27 21:30:00,2017,6,27,21,30,2,0.0,0.0,0.0,68.61666666666667
2017-06-27 22:00:00,2017,6,27,22,0,2,0.0,0.0,0.0,68.3
2017-06-27 22:30:00,2017,6,27,22,30,2,0.0,0.0,0.0,68.23333333333333
2017-06-27 23:00:00,2017,6,27,23,0,2,0.0,0.0,0.0,68.76666666666667
2017-06-27 23:30:00,2017,6,27,23,30,2,0.0,0.0,0.0,69.26666666666667
2017-06-28 00:00:00,2017,6,28,0,0,3,0.0,0.0,0.0,68.10000000000001
2017-06-28 00:30:00,2017,6,28,0,30,3,0.0,0.0,0.0,66.73333333333333
2017-06-28 01:00:00,2017,6,28,1,0,3,0.0,0.0,0.0,67.46666666666667
2017-06-28 01:30:00,2017,6,28,1,30,3,0.0,0.0,0.0,67.56666666666668
2017-06-28 02:00:00,2017,6,28,2,0,3,0.0,0.0,0.0,67.1
2017-06-28 02:30:00,2017,6,28,2,30,3,0.0,0.0,0.0,67.3
2017-06-28 03:00:00,2017,6,28,3,0,3,0.0,0.0,0.0,67.65
2017-06-28 03:30:00,2017,6,28,3,30,3,0.0,0.0,0.0,66.21666666666665
2017-06-28 04:00:00,2017,6,28,4,0,3,0.0,0.0,0.0,66.08333333333333
2017-06-28 04:30:00,2017,6,28,4,30,3,0.0,0.0,0.0,66.21666666666667
2017-06-28 05:00:00,2017,6,28,5,0,3,0.0,0.0,0.0,66.64999999999999
2017-06-28 05:30:00,2017,6,28,5,30,3,0.0,0.0,0.0,68.61666666666667
2017-06-28 06:00:00,2017,6,28,6,0,3,0.0,0.0,0.0,67.14999999999999
2017-06-28 06:30:00,2017,6,28,6,30,3,0.0,0.0,0.0,66.78333333333335
2017-06-28 07:00:00,2017,6,28,7,0,3,0.0,0.0,0.0,66.36666666666666
2017-06-28 07:30:00,2017,6,28,7,30,3,0.0,0.0,0.0,64.96666666666667
2017-06-28 08:00:00,2017,6,28,8,0,3,0.0,0.0,0.0,62.4
2017-06-28 08:30:00,2017,6,28,8,30,3,0.0,0.0,0.0,62.333333333333336
2017-06-28 09:00:00,2017,6,28,9,0,3,0.0,0.0,0.0,62.13333333333333
2017-06-28 09:30:00,2017,6,28,9,30,3,0.0,0.0,0.0,62.36666666666667
2017-06-28 10:00:00,2017,6,28,10,0,3,0.0,0.0,0.0,60.66666666666668
2017-06-28 10:30:00,2017,6,28,10,30,3,0.0,0.0,0.0,61.06666666666666
2017-06-28 11:00:00,2017,6,28,11,0,3,0.0,0.0,0.0,60.06666666666666
2017-06-28 11:30:00,2017,6,28,11,30,3,0.0,0.0,0.0,60.366666666666674
2017-06-28 12:00:00,2017,6,28,12,0,3,0.0,0.0,0.0,61.1
2017-06-28 12:30:00,2017,6,28,12,30,3,0.0,0.0,0.0,60.18333333333333
2017-06-28 13:00:00,2017,6,28,13,0,3,0.0,0.0,0.0,60.38333333333333
2017-06-28 13:30:00,2017,6,28,13,30,3,0.0,0.0,0.0,58.50000000000001
2017-06-28 14:00:00,2017,6,28,14,0,3,0.0,0.0,0.0,41.449999999999996
2017-06-28 14:30:00,2017,6,28,14,30,3,0.0,0.0,0.0,15.149999999999999
2017-06-28 15:00:00,2017,6,28,15,0,3,0.0,0.0,0.0,12.433333333333332
2017-06-28 15:30:00,2017,6,28,15,30,3,0.0,0.0,0.0,13.383333333333335
2017-06-28 16:00:00,2017,6,28,16,0,3,0.0,0.0,0.0,13.783333333333333
2017-06-28 16:30:00,2017,6,28,16,30,3,0.0,0.0,0.0,12.966666666666669
2017-06-28 17:00:00,2017,6,28,17,0,3,0.0,0.0,0.0,10.216666666666667
2017-06-28 17:30:00,2017,6,28,17,30,3,0.0,0.0,0.0,10.333333333333334
2017-06-28 18:00:00,2017,6,28,18,0,3,0.0,0.0,0.0,11.166666666666666
2017-06-28 18:30:00,2017,6,28,18,30,3,0.0,0.0,0.0,12.316666666666668
2017-06-28 19:00:00,2017,6,28,19,0,3,0.0,0.0,0.0,39.21666666666667
2017-06-28 19:30:00,2017,6,28,19,30,3,0.0,0.0,0.0,58.86666666666667
2017-06-28 20:00:00,2017,6,28,20,0,3,0.0,0.0,0.0,56.21666666666667
2017-06-28 20:30:00,2017,6,28,20,30,3,0.0,0.0,0.0,66.35000000000001
2017-06-28 21:00:00,2017,6,28,21,0,3,0.0,0.0,0.0,66.76666666666667
2017-06-28 21:30:00,2017,6,28,21,30,3,0.0,0.0,0.0,68.16666666666666
2017-06-28 22:00:00,2017,6,28,22,0,3,0.0,0.0,0.0,67.78333333333332
2017-06-28 22:30:00,2017,6,28,22,30,3,0.0,0.0,0.0,68.53333333333335
2017-06-28 23:00:00,2017,6,28,23,0,3,0.0,0.0,0.0,67.75
2017-06-28 23:30:00,2017,6,28,23,30,3,0.0,0.0,0.0,67.16666666666667
2017-06-29 00:00:00,2017,6,29,0,0,4,0.0,0.0,0.0,68.2
2017-06-29 00:30:00,2017,6,29,0,30,4,0.0,0.0,0.0,67.76666666666667
2017-06-29 01:00:00,2017,6,29,1,0,4,0.0,0.0,0.0,67.8
2017-06-29 01:30:00,2017,6,29,1,30,4,0.0,0.0,0.0,67.85000000000001
2017-06-29 02:00:00,2017,6,29,2,0,4,0.0,0.0,0.0,67.45
2017-06-29 02:30:00,2017,6,29,2,30,4,0.0,0.0,0.0,66.7
2017-06-29 03:00:00,2017,6,29,3,0,4,0.0,0.0,0.0,67.13333333333334
2017-06-29 03:30:00,2017,6,29,3,30,4,0.0,0.0,0.0,66.61666666666667
2017-06-29 04:00:00,2017,6,29,4,0,4,0.0,0.0,0.0,66.4
2017-06-29 04:30:00,2017,6,29,4,30,4,0.0,0.0,0.0,66.53333333333333
2017-06-29 05:00:00,2017,6,29,5,0,4,0.0,0.0,0.0,66.15
2017-06-29 05:30:00,2017,6,29,5,30,4,0.0,0.0,0.0,67.51666666666667
2017-06-29 06:00:00,2017,6,29,6,0,4,0.0,0.0,0.0,66.31666666666666
2017-06-29 06:30:00,2017,6,29,6,30,4,0.0,0.0,0.0,67.06666666666666
2017-06-29 07:00:00,2017,6,29,7,0,4,0.0,0.0,0.0,65.41666666666667
2017-06-29 07:30:00,2017,6,29,7,30,4,0.0,0.0,0.0,65.5
2017-06-29 08:00:00,2017,6,29,8,0,4,0.0,0.0,0.0,64.61666666666666
2017-06-29 08:30:00,2017,6,29,8,30,4,0.0,0.0,0.0,62.19999999999999
2017-06-29 09:00:00,2017,6,29,9,0,4,0.0,0.0,0.0,63.25
2017-06-29 09:30:00,2017,6,29,9,30,4,0.0,0.0,0.0,62.31666666666666
2017-06-29 10:00:00,2017,6,29,10,0,4,0.0,0.0,0.0,63.18333333333334
2017-06-29 10:30:00,2017,6,29,10,30,4,0.0,0.0,0.0,61.43333333333333
2017-06-29 11:00:00,2017,6,29,11,0,4,0.0,0.0,0.0,61.74999999999999
2017-06-29 11:30:00,2017,6,29,11,30,4,0.0,0.0,0.0,61.63333333333333
2017-06-29 12:00:00,2017,6,29,12,0,4,0.0,0.0,0.0,61.03333333333333
2017-06-29 12:30:00,2017,6,29,12,30,4,0.0,0.0,0.0,58.099999999999994
2017-06-29 13:00:00,2017,6,29,13,0,4,0.0,0.0,0.0,58.833333333333336
2017-06-29 13:30:00,2017,6,29,13,30,4,0.0,0.0,0.0,56.11666666666667
2017-06-29 14:00:00,2017,6,29,14,0,4,0.0,0.0,0.0,42.56666666666666
2017-06-29 14:30:00,2017,6,29,14,30,4,0.0,0.0,0.0,21.900000000000002
2017-06-29 15:00:00,2017,6,29,15,0,4,0.0,0.0,0.0,13.933333333333335
2017-06-29 15:30:00,2017,6,29,15,30,4,0.0,0.0,0.0,10.949999999999998
2017-06-29 16:00:00,2017,6,29,16,0,4,0.0,0.0,0.0,12.0
2017-06-29 16:30:00,2017,6,29,16,30,4,0.0,0.0,0.0,11.216666666666667
2017-06-29 17:00:00,2017,6,29,17,0,4,0.0,0.0,0.0,10.5
2017-06-29 17:30:00,2017,6,29,17,30,4,0.0,0.0,0.0,10.800000000000002
2017-06-29 18:00:00,2017,6,29,18,0,4,0.0,0.0,0.0,11.683333333333332
2017-06-29 18:30:00,2017,6,29,18,30,4,0.0,0.0,0.0,12.816666666666668
2017-06-29 19:00:00,2017,6,29,19,0,4,0.0,0.0,0.0,14.25
2017-06-29 19:30:00,2017,6,29,19,30,4,0.0,0.0,0.0,17.5
2017-06-29 20:00:00,2017,6,29,20,0,4,0.0,0.0,0.0,30.283333333333335
2017-06-29 20:30:00,2017,6,29,20,30,4,0.0,0.0,0.0,60.166666666666664
2017-06-29 21:00:00,2017,6,29,21,0,4,0.0,0.0,0.0,66.66666666666667
2017-06-29 21:30:00,2017,6,29,21,30,4,0.0,0.0,0.0,66.41666666666667
2017-06-29 22:00:00,2017,6,29,22,0,4,0.0,0.0,0.0,67.31666666666666
2017-06-29 22:30:00,2017,6,29,22,30,4,0.0,0.0,0.0,68.61666666666666
2017-06-29 23:00:00,2017,6,29,23,0,4,0.0,0.0,0.0,68.36666666666666
2017-06-29 23:30:00,2017,6,29,23,30,4,0.0,0.0,0.0,68.26666666666667
2017-06-30 00:00:00,2017,6,30,0,0,5,0.0,0.0,0.0,67.96666666666667
2017-06-30 00:30:00,2017,6,30,0,30,5,0.0,0.0,0.0,67.78333333333333
2017-06-30 01:00:00,2017,6,30,1,0,5,0.0,0.0,0.0,68.03333333333335
2017-06-30 01:30:00,2017,6,30,1,30,5,0.0,0.0,0.0,67.31666666666666
2017-06-30 02:00:00,2017,6,30,2,0,5,0.0,0.0,0.0,67.83333333333333
2017-06-30 02:30:00,2017,6,30,2,30,5,0.0,0.0,0.0,67.28333333333335
2017-06-30 03:00:00,2017,6,30,3,0,5,0.0,0.0,0.0,67.31666666666666
2017-06-30 03:30:00,2017,6,30,3,30,5,0.0,0.0,0.0,65.41666666666667
2017-06-30 04:00:00,2017,6,30,4,0,5,0.0,0.0,0.0,65.76666666666667
2017-06-30 04:30:00,2017,6,30,4,30,5,0.0,0.0,0.0,68.16666666666667
2017-06-30 05:00:00,2017,6,30,5,0,5,0.0,0.0,0.0,66.3
2017-06-30 05:30:00,2017,6,30,5,30,5,0.0,0.0,0.0,68.8
2017-06-30 06:00:00,2017,6,30,6,0,5,0.0,0.0,0.0,66.76666666666667
2017-06-30 06:30:00,2017,6,30,6,30,5,0.0,0.0,0.0,65.83333333333333
2017-06-30 07:00:00,2017,6,30,7,0,5,0.0,0.0,0.0,65.11666666666667
2017-06-30 07:30:00,2017,6,30,7,30,5,0.0,0.0,0.0,63.73333333333333
2017-06-30 08:00:00,2017,6,30,8,0,5,0.0,0.0,0.0,62.96666666666666
2017-06-30 08:30:00,2017,6,30,8,30,5,0.0,0.0,0.0,60.333333333333336
2017-06-30 09:00:00,2017,6,30,9,0,5,0.0,0.0,0.0,60.6
2017-06-30 09:30:00,2017,6,30,9,30,5,0.0,0.0,0.0,61.45000000000001
2017-06-30 10:00:00,2017,6,30,10,0,5,0.0,0.0,0.0,61.45000000000001
2017-06-30 10:30:00,2017,6,30,10,30,5,0.0,0.0,0.0,61.199999999999996
2017-06-30 11:00:00,2017,6,30,11,0,5,0.0,0.0,0.0,60.06666666666667
2017-06-30 11:30:00,2017,6,30,11,30,5,0.0,0.0,0.0,60.35
2017-06-30 12:00:00,2017,6,30,12,0,5,0.0,0.0,0.0,57.81666666666667
2017-06-30 12:30:00,2017,6,30,12,30,5,0.0,0.0,0.0,45.61666666666667
2017-06-30 13:00:00,2017,6,30,13,0,5,0.0,0.0,0.0,38.50000000000001
2017-06-30 13:30:00,2017,6,30,13,30,5,0.0,0.0,0.0,25.283333333333335
2017-06-30 14:00:00,2017,6,30,14,0,5,0.0,0.0,0.0,18.35
2017-06-30 14:30:00,2017,6,30,14,30,5,0.0,0.0,0.0,13.35
2017-06-30 15:00:00,2017,6,30,15,0,5,0.0,0.0,0.0,11.383333333333333
2017-06-30 15:30:00,2017,6,30,15,30,5,0.0,0.0,0.0,10.5
2017-06-30 16:00:00,2017,6,30,16,0,5,0.0,0.0,0.0,11.033333333333333
2017-06-30 16:30:00,2017,6,30,16,30,5,0.0,0.0,0.0,12.35
2017-06-30 17:00:00,2017,6,30,17,0,5,0.0,0.0,0.0,11.583333333333334
2017-06-30 17:30:00,2017,6,30,17,30,5,0.0,0.0,0.0,12.700000000000001
2017-06-30 18:00:00,2017,6,30,18,0,5,0.0,0.0,0.0,14.533333333333333
2017-06-30 18:30:00,2017,6,30,18,30,5,0.0,0.0,0.0,26.716666666666665
2017-06-30 19:00:00,2017,6,30,19,0,5,0.0,0.0,0.0,61.349999999999994
2017-06-30 19:30:00,2017,6,30,19,30,5,0.0,0.0,0.0,46.04999999999999
2017-06-30 20:00:00,2017,6,30,20,0,5,0.0,0.0,0.0,37.483333333333334
2017-06-30 20:30:00,2017,6,30,20,30,5,0.0,0.0,0.0,65.16666666666667
2017-06-30 21:00:00,2017,6,30,21,0,5,0.0,0.0,0.0,66.28333333333333
2017-06-30 21:30:00,2017,6,30,21,30,5,0.0,0.0,0.0,66.3
2017-06-30 22:00:00,2017,6,30,22,0,5,0.0,0.0,0.0,66.08333333333333
2017-06-30 22:30:00,2017,6,30,22,30,5,0.0,0.0,0.0,67.43333333333332
2017-06-30 23:00:00,2017,6,30,23,0,5,0.0,0.0,0.0,67.38333333333333
2017-06-30 23:30:00,2017,6,30,23,30,5,0.0,0.0,0.0,68.51666666666667
